symbol,ensembl_id,geneformer_threshold,nicheformer_threshold
A4GALT,ENSG00000128274,2.0046535599554747,2.326754502683758
AACS,ENSG00000081760,2.2760303784288314,1.7193780907236447
AADAT,ENSG00000109576,3.1382430349468717,1.8261031829691114
AASS,ENSG00000008311,3.4920045601793643,2.851553583754075
ABAT,ENSG00000183044,4.805038730449241,2.2005218251853607
ABCD1,ENSG00000101986,1.7959225401078531,2.6087968078677757
ABCD3,ENSG00000117528,2.8557583397517052,2.2977338012319937
ACAA1,ENSG00000060971,2.175383198214221,2.300336584568329
ACAA2,ENSG00000167315,2.0913989084608526,2.655138661857416
ACACA,ENSG00000278540,2.2226638503248637,3.6529465724172456
ACACB,ENSG00000076555,4.098952917878642,4.9194786845495155
ACAD10,ENSG00000111271,3.067234755497277,1.7315705397107939
ACAD11,ENSG00000240303,3.925403124120438,1.7532579805130435
ACAD8,ENSG00000151498,1.8746731592800356,3.2122613942322027
ACAD9,ENSG00000177646,1.9646803297086528,1.6371033810378335
ACADL,ENSG00000115361,3.251126143321642,3.019142048976933
ACADM,ENSG00000117054,2.4205533502043095,2.4655256080272765
ACADS,ENSG00000122971,1.8171345296930157,2.4977615757617855
ACADSB,ENSG00000196177,3.049712816308632,1.9177303872936917
ACAT1,ENSG00000075239,2.443803051236963,2.6358895264980258
ACAT2,ENSG00000120437,2.4828686028132956,3.0475105925874435
ACMSD,ENSG00000153086,5.650080918476588,2.1186508491663756
ACO1,ENSG00000122729,2.141127241423016,2.215277080334894
ACO2,ENSG00000100412,2.2674653725416154,2.6719700663689983
ACOX1,ENSG00000161533,2.323721158419574,2.3083822252982142
ACOX2,ENSG00000168306,1.9300696855140456,2.2910888427311478
ACSBG2,ENSG00000130377,12.585757844197442,1.3911482420901315
ACSL1,ENSG00000151726,3.4985397921963015,3.583029466075588
ACSL3,ENSG00000123983,3.316367255053865,3.135733833934494
ACSL4,ENSG00000068366,3.3314495900964483,2.7442884571936883
ACSL5,ENSG00000197142,2.104935594877695,2.950727828476914
ACSL6,ENSG00000164398,3.455326416229215,2.1435872862497742
ADH1A,ENSG00000187758,10.172968991994038,2.0258222575242897
ADH1B,ENSG00000196616,15.868968047747137,6.336903230541568
ADH1C,ENSG00000248144,13.020968519870587,7.846619152563438
ADH4,ENSG00000198099,9.721897019337906,2.82669453712461
ADH5,ENSG00000197894,2.511948529371983,3.249895399179793
ADH6,ENSG00000172955,5.595227592261166,2.3880682699500886
ADH7,ENSG00000196344,2.826657087282337,15.149750118211397
ADHFE1,ENSG00000147576,3.110675000127901,2.963947598280942
ADK,ENSG00000156110,4.672755373710219,4.353295806410239
ADSL,ENSG00000239900,1.9321510167375775,2.047702397992282
ADSS1,ENSG00000185100,1.9220834320942697,2.211174779292178
ADSS2,ENSG00000035687,2.274266553239991,2.308624529563575
AFMID,ENSG00000183077,2.1447382511921416,1.9379046954828525
AGA,ENSG00000038002,1.892188218789432,2.105271683878199
AGL,ENSG00000162688,2.8743502760076365,2.1594252984702735
AGPAT1,ENSG00000204310,1.7631909527075178,1.7760993679759844
AGPAT2,ENSG00000169692,1.969777144220913,2.8230086072930884
AGPAT3,ENSG00000160216,2.9685260406562537,2.4622605433793052
AGPAT4,ENSG00000026652,4.606181351778536,3.0367606275232966
AGPAT5,ENSG00000155189,2.934811121390651,2.212951051885915
AGXT,ENSG00000172482,15.233997641714756,6.899230517652567
AHCY,ENSG00000101444,2.046556484262351,2.1461192645007645
AHCYL1,ENSG00000168710,2.4999264784598783,2.4449217808750228
AK1,ENSG00000106992,2.0482737766944887,2.4114677315273556
AK2,ENSG00000004455,2.1182865954791814,2.5834065513145332
AK5,ENSG00000154027,4.4904391617827075,4.665716659461038
AK7,ENSG00000140057,2.6079663679374803,1.714032332763601
AKR1A1,ENSG00000117448,2.5585532625272633,3.9541404588450235
AKR1B1,ENSG00000085662,2.5306958464002225,3.134951837347829
AKR1C4,ENSG00000198610,12.685869431559512,1.7097060648446079
AKR1D1,ENSG00000122787,3.66704391590413,3.0578771816963317
AKR7A2,ENSG00000053371,2.0290704641843225,2.286010853207854
ALAD,ENSG00000148218,2.155011585949272,2.196149827307899
ALAS1,ENSG00000023330,2.1251564936170855,2.428679881714899
ALAS2,ENSG00000158578,15.296353729110322,5.304826508954621
ALDH18A1,ENSG00000059573,1.9705990393577573,1.7092483564309267
ALDH1A1,ENSG00000165092,4.092927207819942,4.678129844445368
ALDH1A2,ENSG00000128918,4.327032895414436,3.2386433752210837
ALDH1A3,ENSG00000184254,3.862055003981959,4.020058117920736
ALDH1B1,ENSG00000137124,1.4570442676888895,3.3380072908478313
ALDH1L1,ENSG00000144908,4.239590186364617,2.8220948953326137
ALDH1L2,ENSG00000136010,3.1337740420451112,1.4426392742207583
ALDH2,ENSG00000111275,3.4671091365806097,3.5175748794032122
ALDH3A1,ENSG00000108602,11.051658865034629,5.358832001112674
ALDH3A2,ENSG00000072210,2.7708348047976203,2.0218541214812267
ALDH3B1,ENSG00000006534,1.7322299360258242,2.5130125717659064
ALDH3B2,ENSG00000132746,1.3385614154558192,1.845728348053255
ALDH4A1,ENSG00000159423,1.6236531253418818,1.6474303272539377
ALDH5A1,ENSG00000112294,2.562417282340957,8.210791688478656
ALDH6A1,ENSG00000119711,2.412733302585897,2.434322121078384
ALDH7A1,ENSG00000164904,2.6394009132560727,2.4344961009278285
ALDH9A1,ENSG00000143149,2.211023613872065,2.210407136134866
ALDOA,ENSG00000149925,6.228438898476751,6.757330021696781
ALDOB,ENSG00000136872,28.348394982704896,11.731544337124916
ALDOC,ENSG00000109107,3.307865355945318,3.6697461956262707
AMACR,ENSG00000242110,2.0697138109581705,2.444305663108624
AMD1,ENSG00000123505,2.721053399204193,2.8273965459620394
AMDHD1,ENSG00000139344,5.446295330581973,1.9629769093887324
AMT,ENSG00000145020,2.0740636439312685,1.5700868651053403
AMY1A,ENSG00000237763,1.3390462897290811,2.0272147723817975
AMY1B,ENSG00000174876,1.3792825301907252,1.8455190934855887
AMY1C,ENSG00000187733,1.1300150434998548,0.8690836889997767
AMY2A,ENSG00000243480,2.7208485202053736,9.256871105854064
AMY2B,ENSG00000240038,3.3890295565866846,1.6562480535602297
AOC1,ENSG00000002726,3.969852828440808,2.257539023881203
AOC2,ENSG00000131480,1.9655206441711708,1.1071372216995876
AOC3,ENSG00000131471,3.577173134369171,3.806715959944549
AP1B1,ENSG00000100280,2.1668326541979397,2.287241897046614
AP1G1,ENSG00000166747,3.0297326952021564,2.3901108237137736
AP1M1,ENSG00000072958,2.4870367398367716,2.0872019545188505
AP1S1,ENSG00000106367,1.867261474729928,2.4924689862082636
AP1S2,ENSG00000182287,3.2731178973292607,3.7836567140885897
AP3B2,ENSG00000103723,4.644538289498527,1.957408136796166
AP3D1,ENSG00000065000,2.2508496873952235,2.1779357681977602
AP3M1,ENSG00000185009,2.1189985298765137,1.8786096255593787
AP3M2,ENSG00000070718,2.6701817058194974,1.9562203047391025
AP3S2,ENSG00000157823,2.2286745450103655,1.7658252961828773
APRT,ENSG00000198931,3.910303568827915,4.460570994926476
AQP8,ENSG00000103375,16.356094270812793,5.1922379506854
AQP9,ENSG00000103569,2.6895594090408337,3.1049603856365304
ARF1,ENSG00000143761,3.838360117844913,4.258242815356293
ARG1,ENSG00000118520,9.532430694253922,3.128588205567207
ARG2,ENSG00000081181,2.7859904445903583,2.1395708544040444
ASL,ENSG00000126522,1.9439564247939585,2.0848182244164275
ASNS,ENSG00000070669,2.4706015951613547,1.9897500022255086
ASPG,ENSG00000166183,2.636286236777169,2.210914567714185
ASRGL1,ENSG00000162174,2.5614391028821237,2.3795246666746026
ASS1,ENSG00000130707,3.698979605222611,5.256749265169553
ATIC,ENSG00000138363,1.9953962280878197,2.6725846732243284
ATP5F1A,ENSG00000152234,5.225655176251927,5.0598588009488
ATP5F1B,ENSG00000110955,4.60396004251348,5.68324597228363
ATP5F1C,ENSG00000165629,3.5460241175450897,4.165971663312166
ATP5F1D,ENSG00000099624,4.323176874356523,5.343711491168106
ATP5F1E,ENSG00000124172,12.407476440147438,12.144474245523291
ATP5MC1,ENSG00000159199,3.2278120333625036,3.3227949834156174
ATP5MC2,ENSG00000135390,7.760494611163986,7.889668191591075
ATP5MC3,ENSG00000154518,5.146117316440521,5.5199324571403015
ATP5ME,ENSG00000169020,4.453332895673598,5.182834673526579
ATP5MF,ENSG00000241468,4.364865525313534,5.942017514001187
ATP5MG,ENSG00000167283,8.16814988984913,6.948466249887493
ATP5MGL,ENSG00000249222,2.005780583745914,3.633238297265701
ATP5PB,ENSG00000116459,3.179659673585726,4.3660729566140555
ATP5PD,ENSG00000167863,3.291754313335896,4.649054024094128
ATP5PF,ENSG00000154723,4.566839265107691,5.4781197760286044
ATP5PO,ENSG00000241837,4.580107872663978,5.107744969038564
ATXN3,ENSG00000066427,2.6122062021933203,2.195455552344784
AUH,ENSG00000148090,3.642410375988536,2.7645420044485993
B3GALNT1,ENSG00000169255,2.647891894739412,1.7125936369525838
B3GALT1,ENSG00000172318,4.724366086128747,3.71256820633134
B3GALT2,ENSG00000162630,4.770136941275673,1.8843586477420773
B3GALT5,ENSG00000183778,3.6630615515385223,1.7927113391342093
B3GNT2,ENSG00000170340,2.135665625956115,2.0480561353916675
B3GNT3,ENSG00000179913,1.3208448194154678,2.09659992164559
B3GNT4,ENSG00000176383,2.5184977574367897,0.9433270047125772
B3GNT6,ENSG00000198488,2.119839422071962,1.0955725101754445
B3GNT7,ENSG00000156966,2.6353432740187044,2.5593683888197463
B3GNT8,ENSG00000177191,1.3938987502310864,1.777974648096368
B3GNTL1,ENSG00000175711,2.1334854399435863,1.5056758529139018
B4GALT1,ENSG00000086062,3.339547486453743,3.7242230606292632
B4GALT2,ENSG00000117411,2.056806877116977,1.6001719446836975
B4GALT3,ENSG00000158850,1.8598961712014157,2.0447444107262363
B4GALT5,ENSG00000158470,3.6516365248956446,2.512174619821649
B4GAT1,ENSG00000174684,2.605553425784531,1.9327726733927937
BAAT,ENSG00000136881,9.877510241044282,1.4119135985733018
BAG6,ENSG00000204463,2.33363942911674,2.2942727676300074
BCAP31,ENSG00000185825,2.7526873149872215,3.780564477205898
BCAT1,ENSG00000060982,2.5110657626922226,2.4159284782777743
BCAT2,ENSG00000105552,1.859634847371068,1.8523431721976191
BCKDHA,ENSG00000248098,1.4348467233011726,2.0287339616047904
BCKDHB,ENSG00000083123,4.263820881732295,2.60522900527908
BDH1,ENSG00000161267,2.6841535794650184,1.947721158603053
BLVRA,ENSG00000106605,2.2357388314319446,3.3291993315739643
BLVRB,ENSG00000090013,4.697454451433933,3.840836752637072
BPGM,ENSG00000172331,2.151976571777995,2.739307091601596
C1GALT1,ENSG00000106392,2.4853666552953237,2.2258806558354522
C1GALT1C1,ENSG00000171155,1.7410100334509075,2.018664445432514
CA1,ENSG00000133742,9.022361948785903,4.62448202966659
CA12,ENSG00000074410,5.818033052381648,3.9652809569569025
CA13,ENSG00000185015,2.463427953244731,1.6484558244060894
CA14,ENSG00000118298,2.387260267705363,2.0810595330617345
CA2,ENSG00000104267,4.234057158947551,5.9148943056767544
CA3,ENSG00000164879,4.265166379523607,5.0588652457922985
CA4,ENSG00000167434,10.182021708679065,4.2583005511639005
CA5A,ENSG00000174990,2.068128736348705,1.4310499470332962
CA5B,ENSG00000169239,2.695630860930517,2.3277380362965596
CA6,ENSG00000131686,2.3554083507330303,6.8168202863710015
CA7,ENSG00000168748,3.036241563168795,1.2438838675378674
CA9,ENSG00000107159,2.611527945257321,2.4240813723699532
CAD,ENSG00000084774,1.8751795209803896,1.725396462640822
CALM1,ENSG00000198668,7.558175919129559,10.475083100503532
CALR,ENSG00000179218,5.299264540691113,5.761078248180386
CANX,ENSG00000127022,3.4782380609712527,3.6883832244520067
CAT,ENSG00000121691,2.798161821560301,3.0544217116131955
CBS,ENSG00000160200,3.597244944137585,2.8732828335228455
CDIPT,ENSG00000103502,2.0098437298369705,2.0460372217416705
CDO1,ENSG00000129596,2.6279214378533555,2.946432065316082
CEL,ENSG00000170835,12.200823141807785,5.49267617264406
CERT1,ENSG00000113163,3.422083784852126,2.532801027469878
CHST1,ENSG00000175264,3.394435099226642,1.8265255705528272
CHST2,ENSG00000175040,2.587687961953961,4.42800675772314
CHST3,ENSG00000122863,3.133402467015984,2.2785181212460985
CHST4,ENSG00000140835,2.6830310479440787,1.991726096456246
CHST5,ENSG00000135702,2.38000765664101,1.4831090316426985
CHST6,ENSG00000183196,1.7708254136573494,2.511254510990492
CLTA,ENSG00000122705,3.85428045502318,4.4619884159265695
CLTB,ENSG00000175416,2.809489263400609,3.283938535189255
CLTC,ENSG00000141367,2.924659516672399,3.614519208857832
CMAS,ENSG00000111726,2.1582542573606833,2.190386970403007
CMPK1,ENSG00000162368,2.7984641999179365,3.1210615328402347
CNDP1,ENSG00000150656,11.527146944235744,4.024647231922109
CNDP2,ENSG00000133313,2.2794773103671293,2.691381066435405
COASY,ENSG00000068120,1.758803591719684,2.3517216490390314
COQ2,ENSG00000173085,1.5480251661175988,1.8224337945209141
COQ3,ENSG00000132423,1.498503224148989,1.7976283438882963
COQ6,ENSG00000119723,1.9931793729362024,1.6333248622690568
COQ7,ENSG00000167186,2.1399775933610985,2.4332546406946745
COX1,ENSG00000198804,100.44699673183788,88.17938989274525
COX2,ENSG00000198712,86.8935524562312,79.39604674735554
COX3,ENSG00000198938,84.56510456484297,81.07904351859467
COX4I1,ENSG00000131143,9.953127288792636,10.26085702255039
COX4I2,ENSG00000131055,6.582554103751802,3.4111967693233844
COX5A,ENSG00000178741,4.031318532123526,5.4721489256501314
COX5B,ENSG00000135940,5.581210213717518,6.067904879574374
COX6A1,ENSG00000111775,4.950977864751759,6.925499692458907
COX6A2,ENSG00000156885,23.065634118748115,2.8678872904968884
COX6B1,ENSG00000126267,5.883222023027544,7.007550182831782
COX6B2,ENSG00000160471,1.9433667613911616,2.5652769842650223
COX6C,ENSG00000164919,6.190398585724452,7.2483114556360295
COX7A1,ENSG00000161281,6.812282046681845,3.048905982677514
COX7A2,ENSG00000112695,6.083741130327066,6.921647071170494
COX7A2L,ENSG00000115944,3.234578332111313,3.986776760360553
COX7B,ENSG00000131174,4.942131064598273,5.208397813227068
COX7B2,ENSG00000170516,16.610540130905047,2.1530721765879024
COX7C,ENSG00000127184,9.724441968854814,9.356435051907319
COX8A,ENSG00000176340,5.017516772783429,7.651310374569624
COX8C,ENSG00000187581,7.918152125233139,0.910887924146885
CPOX,ENSG00000080819,2.3405781959524092,1.9365942352863292
CPS1,ENSG00000021826,3.3330646753800535,4.454202933788317
CPT1A,ENSG00000110090,2.3251237519515806,2.707619559663109
CPT1B,ENSG00000205560,2.8099981230027526,1.4364965510711263
CPT1C,ENSG00000169169,3.5044108821853683,1.5144623814854423
CPT2,ENSG00000157184,1.758329049746767,2.123959793637346
CRAT,ENSG00000095321,1.7242659233247668,1.7732024667283839
CRLS1,ENSG00000088766,1.924803180163953,1.9688496291906783
CROT,ENSG00000005469,2.446397593116542,2.279629406966366
CS,ENSG00000062485,2.0874868328885134,2.0021581099971937
CTH,ENSG00000116761,2.271770646212135,2.0085779832394546
CTPS1,ENSG00000171793,1.8857346962391464,1.7757905232460165
CTPS2,ENSG00000047230,3.9475454848864624,2.114216771077653
CTSA,ENSG00000064601,2.6071592392146,3.496286610550142
CUL1,ENSG00000055130,2.8076696400526164,2.6372676632287915
CYB5D1,ENSG00000182224,1.6643380016203295,1.476833161165636
CYC1,ENSG00000179091,2.915066663702531,3.519516830943929
CYP27A1,ENSG00000135929,3.250096231636177,3.179388557376568
CYP2E1,ENSG00000130649,12.604866042262172,3.1678418732829394
CYP51A1,ENSG00000001630,3.204867402355354,2.1836949088185795
CYP7A1,ENSG00000167910,2.2662908269435924,1.5992307417184817
CYTB,ENSG00000198727,55.023306044172934,58.65583994720854
DAD1,ENSG00000129562,3.535269094506448,4.209209096249334
DBH,ENSG00000123454,14.514566412057915,1.4139785195673193
DBT,ENSG00000137992,2.5799130110535957,1.6572751086557134
DCXR,ENSG00000169738,2.6879421521897378,3.0500362997493875
DDC,ENSG00000132437,6.087439609266563,3.4594292054328326
DDOST,ENSG00000244038,2.667199060087872,2.939281654226408
DECR2,ENSG00000242612,1.53684018248702,1.79678233580988
DEGS1,ENSG00000143753,2.3514565218294448,2.3732223205911804
DEGS2,ENSG00000168350,2.0898483046375143,2.6256805213212093
DERL1,ENSG00000136986,2.132816782123201,2.441104554062361
DERL3,ENSG00000099958,2.426334686904495,6.310626110060514
DGAT1,ENSG00000185000,2.008835157206456,2.3783420647434945
DGAT2,ENSG00000062282,2.099269102314193,3.1857974821539847
DGKA,ENSG00000065357,2.6436972131350114,2.41311416320812
DGKB,ENSG00000136267,8.585822163242476,8.906918090458163
DGKD,ENSG00000077044,3.1821209608897236,3.5493671610171083
DGKE,ENSG00000153933,2.843348241640977,2.0571785664695708
DGKG,ENSG00000058866,5.6314855323637785,4.509584478163289
DGKH,ENSG00000102780,5.6230772019874395,2.9907631697798736
DGKI,ENSG00000157680,8.230725643918674,7.09468420254897
DGKQ,ENSG00000145214,2.159555714433043,1.4447062369796877
DGKZ,ENSG00000149091,2.4039930819439657,2.377706899044393
DHFR,ENSG00000228716,1.8695279401799547,3.0156375516515004
DHODH,ENSG00000102967,1.623118989713096,1.7883907801143037
DLAT,ENSG00000150768,1.951521860459432,1.7679774917677271
DLD,ENSG00000091140,2.1562560538537436,2.609570173706476
DLST,ENSG00000119689,1.9638220056537627,2.1718710230695137
DMAC2L,ENSG00000125375,2.1969677483462093,1.9067995934462416
DNAJC1,ENSG00000136770,3.238276083363379,3.233152570697077
DPM2,ENSG00000136908,1.8174984254193784,2.1645579190170654
DPYD,ENSG00000188641,6.079737413687629,6.742647698753073
DPYS,ENSG00000147647,7.031228435513908,1.9241302138386076
DPYSL2,ENSG00000092964,5.7448997798139985,4.578015513011767
DPYSL3,ENSG00000113657,7.92895626541964,4.247188127696275
DTYMK,ENSG00000168393,2.083795358698325,2.707864794879869
ECHS1,ENSG00000127884,2.471768944863623,2.7581240944127092
ECI2,ENSG00000198721,2.244239921158186,2.3572979097480697
EDEM1,ENSG00000134109,2.0875795398488615,2.0482248001285166
EDEM2,ENSG00000088298,1.928142928574735,2.1001139647628495
EDEM3,ENSG00000116406,2.799603746953579,2.051743812706477
EHHADH,ENSG00000113790,2.79280976930872,2.6812632767472335
ELOVL2,ENSG00000197977,5.626813315977617,2.568303543445562
ELOVL4,ENSG00000118402,4.2627702882672835,2.090509261786012
ELOVL5,ENSG00000012660,2.7919148019820716,2.9250759676322997
ELOVL6,ENSG00000170522,4.630866809318317,2.742697884120329
ENO1,ENSG00000074800,6.457088924451119,6.03761724571813
ENO2,ENSG00000111674,5.443676469344362,3.234634865264288
ENO3,ENSG00000108515,3.2084807074158657,1.8627569754393682
ERO1A,ENSG00000197930,2.4530532367886058,2.427680820540706
ERO1B,ENSG00000086619,2.8569167791356036,2.24894984970302
ETFA,ENSG00000140374,2.4154979233604754,2.8357754700285405
ETFB,ENSG00000105379,2.590938899410508,3.6072728904846603
ETFDH,ENSG00000171503,2.489307433978257,2.1521110791817804
EXOC2,ENSG00000112685,3.605438531637685,2.338269923795248
EXOC3,ENSG00000180104,2.05554258435309,2.032495895513581
EXOC4,ENSG00000131558,7.533715488376587,5.855228329773937
EXOC5,ENSG00000070367,2.7280933984578843,2.2309047431507065
EXOC6B,ENSG00000144036,10.36310896265962,6.526120424845768
EXOC7,ENSG00000182473,2.3736089606792334,2.1370675330047346
EXOC8,ENSG00000116903,2.1211862338216005,1.5837037868587733
FABP1,ENSG00000163586,49.612604427529554,28.07929995851594
FADS1,ENSG00000149485,2.516131720918357,2.2843469422566636
FADS2,ENSG00000134824,3.9316626628128186,2.0786700663171365
FAH,ENSG00000103876,1.512719418950695,2.2234632426158885
FASN,ENSG00000169710,2.199114692622774,2.3867476573007904
FBP1,ENSG00000165140,3.4614471445619808,5.15095165342334
FBP2,ENSG00000130957,2.436228058706242,2.4406317769010286
FBXO2,ENSG00000116661,2.5660843914570464,1.8880454685660173
FCSK,ENSG00000157353,2.1580228835748785,1.4662157139548795
FDFT1,ENSG00000079459,3.0094273860714655,3.212659951037109
FECH,ENSG00000066926,2.391846192412584,1.9300576338401756
FH,ENSG00000091483,1.9031414310867765,2.1030624724557647
FLAD1,ENSG00000160688,1.8370183217275744,1.9988134901217194
FPGT,ENSG00000254685,2.0478005271802866,1.5427740314111582
FTCD,ENSG00000160282,8.532841649230841,1.8940631793382718
FUCA1,ENSG00000179163,2.042017881441648,2.671782201286098
FUT8,ENSG00000033170,5.273872972100429,4.082090597493323
G6PC1,ENSG00000131482,3.8393458924417745,4.46633138557031
G6PC2,ENSG00000152254,2.856913278245764,5.062984412350383
G6PC3,ENSG00000141349,1.6396140841664542,1.9892609645220984
G6PD,ENSG00000160211,1.8735393113982053,2.548803411057317
GAD1,ENSG00000128683,6.311930722649147,3.268600035943939
GAD2,ENSG00000136750,6.506914624483225,5.05882794853905
GALE,ENSG00000117308,1.5706995575631792,1.9291042167685757
GALK1,ENSG00000108479,1.581960716627161,2.258984178858831
GALK2,ENSG00000156958,2.9999423619425793,2.2895703069016378
GALNS,ENSG00000141012,1.850570559294227,1.5853039335530417
GALNT1,ENSG00000141429,3.0062223874776652,2.3799832559063168
GALNT10,ENSG00000164574,3.45622460375703,2.4216140667250463
GALNT11,ENSG00000178234,3.036175761011052,2.52852454083154
GALNT12,ENSG00000119514,1.60926126310974,1.8733118850336141
GALNT13,ENSG00000144278,9.79972752079502,5.816582008702416
GALNT14,ENSG00000158089,5.046697106431115,2.1662304336939395
GALNT15,ENSG00000131386,6.293180104852838,2.547724528186465
GALNT17,ENSG00000185274,10.757778576662638,6.098540631995998
GALNT2,ENSG00000143641,3.2467249903746147,2.7314669749845986
GALNT3,ENSG00000115339,2.3258897616022725,2.139959613693028
GALNT4,ENSG00000257594,1.3246668792207676,2.2960281400950753
GALNT5,ENSG00000136542,1.6568957076074038,2.6617505616982173
GALNT6,ENSG00000139629,1.8788965325388995,2.3603290977474884
GALNT7,ENSG00000109586,3.2085992201761897,2.661829438423716
GALNT8,ENSG00000130035,4.965480336574219,1.6521894725820336
GALNT9,ENSG00000182870,3.7128577199960073,1.3604623022212847
GALT,ENSG00000213930,2.0209137013719087,2.0458889311881165
GAMT,ENSG00000130005,2.0750895883822755,2.254854167305114
GANAB,ENSG00000089597,1.9993586357820377,2.0662025526568883
GAPDH,ENSG00000111640,20.045450745942382,19.492601856825846
GAPDHS,ENSG00000105679,3.132312712619955,2.2763910698305097
GART,ENSG00000159131,2.231398007380007,2.0509961708644
GATM,ENSG00000171766,4.993718576784148,4.113492058025662
GBE1,ENSG00000114480,2.9330434088548545,3.629962505043751
GBF1,ENSG00000107862,4.216890992399528,2.7544010745827254
GCAT,ENSG00000100116,1.3431807127482154,1.7560280147814589
GCDH,ENSG00000105607,1.872600353607975,2.0764631832096057
GCK,ENSG00000106633,2.3352630831148224,1.2853457329210212
GCLC,ENSG00000001084,2.4156348393662945,2.285357380038727
GCLM,ENSG00000023909,2.38569195382168,2.4136856315840234
GCNT1,ENSG00000187210,2.0205684779070436,2.3320551546293995
GCNT3,ENSG00000140297,2.3651738567523077,2.43515111298308
GCNT4,ENSG00000176928,2.2863231007325164,1.2536225542785624
GCSH,ENSG00000140905,2.01785715335249,2.5149690830956324
GDA,ENSG00000119125,3.4726797304477133,4.519216040679001
GET1,ENSG00000182093,2.5651685802152175,2.1097805619744543
GET3,ENSG00000198356,2.079275594164859,2.248683314920318
GFPT1,ENSG00000198380,2.912290789671612,2.2728629618774208
GFPT2,ENSG00000131459,2.9412410705045597,1.7741468041611395
GGA1,ENSG00000100083,2.3836974929096635,2.3306646578369823
GGA2,ENSG00000103365,2.7170438809401514,2.7108253335432932
GGA3,ENSG00000125447,2.3178883012343943,1.7433512601690588
GGPS1,ENSG00000152904,2.4586499464385883,1.944573645661598
GK,ENSG00000198814,3.19823846732845,2.9133674014780855
GK2,ENSG00000196475,35.93516824938767,10.94102043955328
GLB1,ENSG00000170266,2.1148281052881917,2.1099176736997958
GLDC,ENSG00000178445,3.909974639582787,1.7996710676689656
GLS,ENSG00000115419,3.2267097004398644,4.201563138032126
GLS2,ENSG00000135423,3.2318664208066927,2.909127328556094
GLUD1,ENSG00000148672,2.7287495404933733,2.746756527892631
GLUD2,ENSG00000182890,2.0268824537484655,4.482212257902835
GLUL,ENSG00000135821,5.048631664703325,6.357943923028702
GMPPA,ENSG00000144591,1.5532793494997912,1.8225918187975425
GMPPB,ENSG00000173540,1.5625656210677776,2.0700215739095333
GMPS,ENSG00000163655,2.398200532472711,2.222585672682426
GNE,ENSG00000159921,2.794018743354892,1.9916125099282045
GNMT,ENSG00000124713,6.731826163949112,4.768597502182326
GNPDA1,ENSG00000113552,1.8806019686810944,2.247138631392282
GNPDA2,ENSG00000163281,2.3829092764595607,2.0046479677004982
GNPNAT1,ENSG00000100522,1.8462231105854223,1.7878788915424049
GOT1,ENSG00000120053,2.193726447796135,2.442941158074139
GOT2,ENSG00000125166,2.014529259406241,2.027658659368778
GPAA1,ENSG00000197858,2.1347720231149694,2.183070355370035
GPAM,ENSG00000119927,3.3745463681908547,2.0942575135757715
GPAT4,ENSG00000158669,2.241234410704609,1.9819076231620143
GPD1,ENSG00000167588,3.050506619677355,3.8847198971887744
GPI,ENSG00000105220,2.637586302881338,3.3868490530223747
GPT,ENSG00000167701,4.100326201585713,1.9465557305688443
GPT2,ENSG00000166123,2.3183003502555355,1.6881330191204296
GPX1,ENSG00000233276,6.667964841639505,10.510656334926816
GPX4,ENSG00000167468,5.58453642428775,6.420050954999018
GRHPR,ENSG00000137106,2.156563914155194,2.4268811289972176
GSR,ENSG00000104687,2.45061261021213,2.597345483522163
GSS,ENSG00000100983,1.7787739739308297,1.901213431482126
GSTZ1,ENSG00000100577,1.4420801360971025,3.1263317556321426
GUK1,ENSG00000143774,4.46238426081482,4.7745785950202135
GYG1,ENSG00000163754,2.2512884367476818,2.3133925617148745
GYG2,ENSG00000056998,2.874573028297223,1.7505939117575418
GYS1,ENSG00000104812,2.481931488745345,1.7844249598485504
GYS2,ENSG00000111713,4.875231120168,1.1911753723673904
HAAO,ENSG00000162882,1.8209825631546104,2.03313571969745
HADH,ENSG00000138796,2.037058585742926,2.5180119555448717
HADHA,ENSG00000084754,2.7745644625451003,2.8531776304396232
HADHB,ENSG00000138029,2.55674619556883,2.6397739286184305
HAL,ENSG00000084110,3.545320670774349,2.8212666276727365
HDC,ENSG00000140287,4.0758616926353985,6.67527497982569
HEXA,ENSG00000213614,2.4079926616620546,2.9469052511849863
HEXB,ENSG00000049860,2.388586330635704,7.8353342772685775
HGD,ENSG00000113924,5.472514383662016,3.210128144579753
HIBADH,ENSG00000106049,2.670030075787319,2.6102354241770844
HIBCH,ENSG00000198130,3.5008850181790927,3.0472630374642344
HK1,ENSG00000156515,2.5886169582982372,2.885146927876875
HK2,ENSG00000159399,1.9209323405733791,3.662082434522775
HK3,ENSG00000160883,1.8919969481613004,2.283686439148766
HKDC1,ENSG00000156510,2.9717790932323864,4.8035186807446815
HMBS,ENSG00000256269,2.2094220271670446,2.2689081588838906
HMGCL,ENSG00000117305,1.9264649189205167,2.117115170566073
HMGCLL1,ENSG00000146151,5.442219672363473,1.9545538128948614
HMGCR,ENSG00000113161,3.583314571312392,2.4745092164169558
HMGCS2,ENSG00000134240,9.223063653122956,6.087392753824048
HMOX1,ENSG00000100292,3.4304029642278473,6.662832924523511
HMOX2,ENSG00000103415,2.3914157945693826,2.3632772799749127
HPD,ENSG00000158104,13.842986995465877,3.39301955056317
HPRT1,ENSG00000165704,2.3977548042729424,2.6412522205450686
HSD17B10,ENSG00000072506,2.2460041493433445,3.0772355758640932
HSD17B4,ENSG00000133835,2.577801021031944,3.1522018227165076
HSD3B7,ENSG00000099377,1.5264507145268995,2.030162002035054
HSP90B1,ENSG00000166598,5.399051709776347,6.392196094025277
HSPA5,ENSG00000044574,4.740131539692456,6.287140716341621
HYOU1,ENSG00000149428,2.0306478417405875,2.069367472219452
IDH1,ENSG00000138413,2.5516551375691843,2.6625487488709765
IDH2,ENSG00000182054,3.1599491504565704,3.1829583334455784
IDH3A,ENSG00000166411,2.1246188370191774,2.1924548522469367
IDH3B,ENSG00000101365,2.1677399840111367,2.595552250178468
IDH3G,ENSG00000067829,2.0506404301443655,2.499132730723081
IDI1,ENSG00000067064,2.94795050283008,3.1338103481153445
IDI2,ENSG00000148377,2.466096218977909,1.321585252450912
IDO1,ENSG00000131203,2.838675170383296,5.401456231977831
IDO2,ENSG00000188676,1.8960521470736027,2.4278292328797995
IMPA1,ENSG00000133731,2.0115649259164807,1.9896515325394146
IMPA2,ENSG00000141401,1.714879378022858,2.2820918660845257
IMPDH1,ENSG00000106348,2.1017549983095343,2.1088220361644794
IMPDH2,ENSG00000178035,2.8686847042130044,3.209329469782344
ISYNA1,ENSG00000105655,2.7749495355896854,2.850008822409939
ITPA,ENSG00000125877,2.049208665621589,2.274083402503451
IVD,ENSG00000128928,2.3706444480656055,1.9689526391498429
KDSR,ENSG00000119537,2.2870424931577977,2.131139297612476
KHK,ENSG00000138030,2.6369361136357634,3.280969848199272
KMO,ENSG00000117009,2.422979508057332,2.723178205822967
KYAT1,ENSG00000171097,3.016166052690959,1.7121780358785288
KYNU,ENSG00000115919,2.800909909986623,4.157082928434095
LALBA,ENSG00000167531,1.9121039459190616,56.639683341322645
LDHA,ENSG00000134333,5.6096704534544175,6.968372323196579
LDHAL6A,ENSG00000166800,2.55404905766895,1.2803919137239599
LDHAL6B,ENSG00000171989,7.772864990442596,1.423733423354568
LDHB,ENSG00000111716,7.3257427372748785,6.95088097246042
LDHC,ENSG00000166796,39.93195827019856,1.7880064904013246
LDHD,ENSG00000166816,1.9078801408811852,2.4816914216751726
LGSN,ENSG00000146166,1.8170151847886529,1.5181177582493552
LHPP,ENSG00000107902,2.488981741154208,3.2884272125794887
LIPA,ENSG00000107798,3.211035191260566,3.1804690891878127
LSS,ENSG00000160285,3.442369388242183,2.1302016398957284
MAN1A1,ENSG00000111885,4.227016408603839,3.6986788717307384
MAN1A2,ENSG00000198162,3.204420200073116,3.15183964934397
MAN1B1,ENSG00000177239,1.9321704976085656,2.7724923134909525
MAN1C1,ENSG00000117643,3.4816041089191523,2.2810102511735653
MAN2A2,ENSG00000196547,2.6014899186839617,1.8191816869745443
MAN2B1,ENSG00000104774,2.0434550500520645,2.943784225221093
MANBA,ENSG00000109323,2.7356625457774624,2.727574814287994
MAOA,ENSG00000189221,2.9331034733415877,2.718926789493512
MAOB,ENSG00000069535,4.618272906334134,2.1089720519190327
MARCHF6,ENSG00000145495,3.999013711148299,3.1980049090780174
MAT1A,ENSG00000151224,24.401093077170476,7.3513535825012255
MAT2A,ENSG00000168906,2.2892321516486627,3.538649764005641
MAT2B,ENSG00000038274,2.397543412827489,2.743714678037437
MBOAT2,ENSG00000143797,5.745848140357758,3.085897287004181
MCCC1,ENSG00000078070,2.8941640595422373,6.681031792624503
MCCC2,ENSG00000131844,2.187283358310066,1.9664955306849587
MDH1,ENSG00000014641,2.85589041274672,4.121298300585096
MDH1B,ENSG00000138400,3.052054424862324,1.1323380630293367
MDH2,ENSG00000146701,3.0841179875913074,3.928004660242409
ME1,ENSG00000065833,3.3696410611806904,2.7155894864890273
ME2,ENSG00000082212,2.649940028241908,2.3065760569353047
MGAM,ENSG00000257335,4.590473482125849,3.256023802251736
MGAT1,ENSG00000131446,2.510613225838337,2.8054158279687513
MGAT2,ENSG00000168282,1.7993478965326462,2.1392237561509675
MGAT3,ENSG00000128268,3.9196808098746714,1.5245255303962693
MGAT4B,ENSG00000161013,1.8302688687051336,2.0499814354357517
MGAT4C,ENSG00000182050,16.251846126895657,8.134465178506018
MGAT5,ENSG00000152127,5.713718149139179,3.878824340601791
MIOX,ENSG00000100253,3.46685804816053,22.53389403648437
MMUT,ENSG00000146085,2.244263480676276,1.6487109876121615
MOGS,ENSG00000115275,1.9502750634407957,1.7951535882735308
MOXD1,ENSG00000079931,5.250359001622454,2.826566713963608
MPI,ENSG00000178802,1.8174171301990216,1.7446035830129778
MSMO1,ENSG00000052802,3.584732538676315,3.3168199009899926
MTHFD1,ENSG00000100714,2.667422379155682,1.7414519696458528
MTHFD1L,ENSG00000120254,3.885430188289487,3.102134693848984
MTHFD2,ENSG00000065911,2.2016960216243895,3.626945676324075
MTHFD2L,ENSG00000163738,2.3363833235015505,2.0898599815809495
MTHFR,ENSG00000177000,2.406451240612413,1.937546895592272
MTMR1,ENSG00000063601,3.5809848359332936,2.427461995100396
MTMR2,ENSG00000087053,2.710599043924463,2.17669003494343
MVD,ENSG00000167508,2.351796186482262,2.17967094534748
MVK,ENSG00000110921,1.9515148410565843,1.692439472081331
NAMPT,ENSG00000105835,3.8560872910309736,5.584019576354563
NAPA,ENSG00000105402,2.5521397444498457,2.7138573158803414
NAPRT,ENSG00000147813,1.9533185739006935,2.268428451218946
NCOA3,ENSG00000124151,3.293821485173063,3.2614946572467987
ND1,ENSG00000198888,37.37247610897184,38.467674607604955
ND2,ENSG00000198763,46.028722177375045,30.66385774243277
ND3,ENSG00000198840,46.19261784903773,38.99403494175429
ND4,ENSG00000198886,63.276341274841315,41.94132538256364
ND4L,ENSG00000212907,19.13812055575284,24.48137041730032
ND5,ENSG00000198786,18.127108788503875,14.75071865542931
ND6,ENSG00000198695,6.9470543781915435,7.382809718331872
NDUFA1,ENSG00000125356,4.182634787324854,4.479281859440717
NDUFA10,ENSG00000130414,2.4411068079274965,2.797220621420829
NDUFA11,ENSG00000174886,3.63980338748724,4.2096815604120845
NDUFA12,ENSG00000184752,3.000600901090198,3.662885702938162
NDUFA13,ENSG00000186010,3.501252812545955,4.276364264452606
NDUFA2,ENSG00000131495,3.065257175811776,4.451799456123018
NDUFA3,ENSG00000170906,3.278539672780304,4.080580030336678
NDUFA4,ENSG00000189043,6.927101093609341,7.811117741884138
NDUFA5,ENSG00000128609,2.8163235899808727,3.486407153648256
NDUFA6,ENSG00000184983,3.160757220151174,4.205230485435054
NDUFA7,ENSG00000267855,1.85153074189924,4.256875652499633
NDUFA8,ENSG00000119421,2.2660792382138037,3.1467208857821762
NDUFA9,ENSG00000139180,2.149691607520532,2.713007102163279
NDUFAB1,ENSG00000004779,3.0323816086114976,3.7732157768342027
NDUFB1,ENSG00000183648,3.605951390272552,3.727652373985569
NDUFB10,ENSG00000140990,3.3462630806950027,3.9156296703851883
NDUFB11,ENSG00000147123,4.129150691384908,4.952367518235385
NDUFB2,ENSG00000090266,4.414229595046017,4.652736588267762
NDUFB3,ENSG00000119013,2.7312581274411367,3.3469720049458433
NDUFB4,ENSG00000065518,3.581807099262888,7.0423768596081615
NDUFB5,ENSG00000136521,2.62383012088772,3.812941614674401
NDUFB6,ENSG00000165264,2.685371216938687,3.0309049562680954
NDUFB7,ENSG00000099795,3.5442638369737787,4.061424793947397
NDUFB8,ENSG00000166136,3.5093046590761903,3.8980435154243747
NDUFB9,ENSG00000147684,3.6764295315389313,4.7073189422150765
NDUFC1,ENSG00000109390,2.973187852781076,3.8467589156740214
NDUFC2,ENSG00000151366,3.372802719365168,4.083128870844868
NDUFS1,ENSG00000023228,3.04762615427197,2.617920938689337
NDUFS2,ENSG00000158864,2.3358011489214956,2.895445243459478
NDUFS3,ENSG00000213619,2.38744101091753,3.004610302880432
NDUFS4,ENSG00000164258,2.7821916599681273,2.9466516004107732
NDUFS5,ENSG00000168653,4.91548745263904,5.354324230051014
NDUFS6,ENSG00000145494,3.357803886738839,4.108112576016186
NDUFS7,ENSG00000115286,2.7741767227818697,3.431771591724495
NDUFS8,ENSG00000110717,2.942867430660717,3.189428974421863
NDUFV1,ENSG00000167792,2.541039081337008,2.7967390654098927
NDUFV2,ENSG00000178127,2.824642081781065,3.631340938344039
NDUFV3,ENSG00000160194,2.4051881931840136,3.175027117886924
NEU1,ENSG00000204386,1.956239699442216,2.8068204359996054
NGLY1,ENSG00000151092,2.57378374332159,2.1968802119884656
NIT2,ENSG00000114021,1.9154779671612483,2.0154656613958415
NME1,ENSG00000239672,3.399544971731751,4.306063826275376
NME2,ENSG00000243678,3.4620351278683117,4.8378159924293085
NME3,ENSG00000103024,2.4537235303764433,2.6027309819217033
NME4,ENSG00000103202,3.0841425515284793,2.566577245927223
NME6,ENSG00000172113,1.850309749249418,1.9203242851415763
NME7,ENSG00000143156,3.5491796902805666,2.704860422201325
NMNAT2,ENSG00000157064,9.28211523712686,3.971847039749111
NMNAT3,ENSG00000163864,4.019625485156457,1.9882102462617228
NNT,ENSG00000112992,2.9547694435862377,3.339673200672798
NOS3,ENSG00000164867,2.028912805097283,2.550603389668713
NPLOC4,ENSG00000182446,2.513750159524671,2.1649820417541483
NSDHL,ENSG00000147383,1.4730429295048584,1.8104680870835723
NSF,ENSG00000073969,2.4535578668483473,2.955832401102764
OAT,ENSG00000065154,2.50089333467528,2.991703482062275
ODC1,ENSG00000115758,2.9292399634652,4.014993229375316
OGDH,ENSG00000105953,2.90697697844151,2.6006921472209394
OLAH,ENSG00000152463,3.186675698950525,1.8547093522837348
OS9,ENSG00000135506,2.6309974123185715,2.7610862640527585
OTC,ENSG00000036473,3.278850158248942,6.268145471642476
OTUB1,ENSG00000167770,2.4265142953815095,2.572806930603114
P4HB,ENSG00000185624,3.604295206798358,3.94026383812741
PAH,ENSG00000171759,11.572726509517487,3.0888414215703164
PAICS,ENSG00000128050,2.390704047450793,3.5399990715382192
PANK1,ENSG00000152782,2.8746422821169513,1.8544172910701935
PANK2,ENSG00000125779,2.084776884614324,2.09772492828659
PANK3,ENSG00000120137,2.9803370803598495,2.1052940353461147
PANK4,ENSG00000157881,2.024111386047266,1.545118215894037
PAPSS1,ENSG00000138801,2.643323672404156,2.408326737462798
PAPSS2,ENSG00000198682,6.487956657045954,3.50682417778355
PC,ENSG00000173599,3.4107911537871796,2.146385653123213
PCK1,ENSG00000124253,17.21096196494455,12.033233531897
PCK2,ENSG00000100889,1.672454100703706,2.4274590716829527
PDHA1,ENSG00000131828,2.0227764512897615,2.420589843633058
PDHA2,ENSG00000163114,34.74461883782276,2.163388044850297
PDHB,ENSG00000168291,2.157378882589612,2.2917057093584052
PDHX,ENSG00000110435,2.410084323870788,2.2175975776638066
PDXK,ENSG00000160209,2.4131644087478565,2.536985878263953
PFAS,ENSG00000178921,1.7614472568142705,1.8614233520620809
PFKL,ENSG00000141959,2.172750671494896,2.523391436267037
PFKM,ENSG00000152556,2.3224138916379515,1.8425677607754851
PFKP,ENSG00000067057,2.4535724667162797,2.572168967770451
PGAM1,ENSG00000171314,3.4290512265511315,4.62941650773877
PGAM2,ENSG00000164708,11.910437380174605,3.0323396540595593
PGAP1,ENSG00000197121,6.2473758737260585,3.295732651424301
PGD,ENSG00000142657,2.4537258004131157,2.90191521372867
PGK1,ENSG00000102144,4.181191851797586,4.562495638465873
PGK2,ENSG00000170950,39.526247274047165,1.2406629287055104
PGLS,ENSG00000130313,2.7154344869406417,3.4820494432423086
PGM1,ENSG00000079739,1.9484257110965988,2.018228387805051
PGM2,ENSG00000169299,1.7475151238133069,1.7964743122537266
PGM3,ENSG00000013375,2.1138494895147955,2.0521741915377874
PGS1,ENSG00000087157,2.0407458626201755,2.0974899433622647
PHGDH,ENSG00000092621,2.697437538425308,3.640916477800749
PIGA,ENSG00000165195,1.924361097109749,1.6783324095040613
PIGC,ENSG00000135845,2.0306633868751773,2.166822060421689
PIGH,ENSG00000100564,1.9955009505558976,1.9896832278238503
PIGK,ENSG00000142892,2.3382503842607942,2.7899737706966707
PIGL,ENSG00000108474,3.507620197459322,2.2069179327778095
PIGP,ENSG00000185808,1.9590843204541917,2.341648481346205
PIGQ,ENSG00000007541,2.05237242685264,1.650709334836497
PIGS,ENSG00000087111,1.8546532345853688,1.7942802312555335
PIGT,ENSG00000124155,2.1626960553266277,2.337402540265272
PIGU,ENSG00000101464,3.349802954199578,2.004440949780619
PIGW,ENSG00000277161,1.3241672858805444,1.4890175255233553
PIPOX,ENSG00000179761,4.038083467615375,2.196086667401846
PKLR,ENSG00000143627,1.412590784164128,1.5697747138769147
PKM,ENSG00000067225,5.384642310275338,6.19752856896701
PLCB1,ENSG00000182621,12.21069068934598,14.284507264274334
PLCB2,ENSG00000137841,2.1560999118000796,2.4319235735983327
PLCB3,ENSG00000149782,1.3811654965780444,1.9977637598485822
PLCB4,ENSG00000101333,7.641179699535296,5.446138028603876
PLCD1,ENSG00000187091,1.9517268097515328,1.9479187800300557
PLCD3,ENSG00000161714,1.9045224474794895,1.6894442131217235
PLCD4,ENSG00000115556,3.48437569726856,2.9793222685613463
PLCE1,ENSG00000138193,5.194577681815411,3.5842824312571424
PLCG1,ENSG00000124181,2.9203876401729474,2.074473823170746
PLCG2,ENSG00000197943,2.955535620327991,5.694569275759368
PLCH1,ENSG00000114805,6.901946509098518,4.052809930494723
PLCH2,ENSG00000149527,3.1552777932452583,1.6092360913067099
PLCL1,ENSG00000115896,9.919735588051983,8.586302809970551
PLCXD2,ENSG00000240891,4.095276890631177,3.6631299002920548
PLCZ1,ENSG00000139151,10.20425546679,1.2745433122976089
PLD2,ENSG00000129219,1.626276426990361,1.836384506501188
PMM1,ENSG00000100417,1.936185538675358,2.170103390851332
PMM2,ENSG00000140650,2.2467121091943185,2.1739364923498306
PMVK,ENSG00000163344,2.040245225322024,2.4185424639190836
PNMT,ENSG00000141744,2.069082787377309,1.2777666911938397
PNP,ENSG00000198805,2.0508633051392273,2.9588722482971352
PPA1,ENSG00000180817,3.5498216427597487,3.855835064167461
PPA2,ENSG00000138777,2.5058809747884583,2.6953424135958794
PPAT,ENSG00000128059,1.8046639475619133,1.5646532908314323
PPCDC,ENSG00000138621,2.715629241333417,2.1135856902876995
PPCS,ENSG00000127125,2.2145342964161325,2.2887718210854446
PPOX,ENSG00000143224,2.0377219596010625,1.983019241534782
PRDX3,ENSG00000165672,2.6078673970007644,2.78918721921013
PRKN,ENSG00000185345,7.670818683767839,7.171484827252467
PRODH,ENSG00000100033,3.803684769936687,2.1302772101960903
PRODH2,ENSG00000250799,7.2401188472974125,2.994023942584856
PRPS1,ENSG00000147224,2.0242102494566048,3.13340619340116
PRPS1L1,ENSG00000229937,19.304551137574133,0.7875262830139271
PRPS2,ENSG00000101911,2.061679368921851,3.8542918110086197
PSAT1,ENSG00000135069,2.468686525056086,2.6627533187836874
PSMA1,ENSG00000129084,3.1490974328036736,3.227504206827222
PSMA2,ENSG00000106588,2.8709130143686745,3.752199134912387
PSMA3,ENSG00000100567,2.7917711458070498,3.3590920490766596
PSMA4,ENSG00000041357,3.68222440762288,3.8704605169869897
PSMA5,ENSG00000143106,2.5936458749882836,3.0616857511219564
PSMA7,ENSG00000101182,5.239596475687299,5.880120587032318
PSMA8,ENSG00000154611,2.3466399947839873,1.662453037208273
PSMB1,ENSG00000008018,3.947254489857777,4.445182503911913
PSMB10,ENSG00000205220,2.776048949758321,3.5359233605320894
PSMB11,ENSG00000222028,3.3931621495614785,1.5435615145775745
PSMB2,ENSG00000126067,2.816541987602718,3.3489777648201016
PSMB3,ENSG00000277791,3.4236904294805397,3.880606463821705
PSMB4,ENSG00000159377,2.522342306700437,3.0467300456151962
PSMB5,ENSG00000100804,3.4083095455793124,3.7949371555633826
PSMB6,ENSG00000142507,3.274215410048729,4.1811091960776166
PSMB7,ENSG00000136930,3.2136221892936008,3.1696385566512473
PSMB8,ENSG00000204264,3.155891611899832,4.401803044874976
PSMB9,ENSG00000240065,3.810132834495253,5.15330914168343
PSMD1,ENSG00000173692,2.6780609311885293,2.6938725442102744
PSMD10,ENSG00000101843,1.708763325368136,2.122393290832513
PSMD11,ENSG00000108671,2.3435359640662305,2.477692936662238
PSMD12,ENSG00000197170,2.3339740431794924,2.5061855162061715
PSMD13,ENSG00000185627,2.353047416440614,2.539861681029117
PSMD14,ENSG00000115233,2.4566084332037637,2.5054166433985943
PSMD2,ENSG00000175166,2.419729651085134,2.9662815901284363
PSMD4,ENSG00000159352,2.6494721309162896,3.164907091051643
PSMD5,ENSG00000095261,2.5468667145930746,1.9580266047081518
PSMD6,ENSG00000163636,2.2787901384342426,2.4903517262229324
PSMD7,ENSG00000103035,2.6500191276440392,3.1152952915866794
PSMD8,ENSG00000099341,3.1186085752494423,3.479034335633719
PSMD9,ENSG00000110801,2.0452342398820633,2.3982058507187314
PSMG1,ENSG00000183527,1.875448725343259,2.3386599513616297
PSMG2,ENSG00000128789,2.530722593779588,2.439967066573618
PSMG3,ENSG00000157778,1.7745022061362463,2.0317892826526576
PSMG4,ENSG00000180822,2.1744779589644314,2.1050706651677205
PSPH,ENSG00000146733,1.7590486030422954,1.6884513047122873
PTDSS1,ENSG00000156471,2.2311912959674243,1.9938493474634844
PTDSS2,ENSG00000174915,1.9662858843926443,1.6438726589747423
PTGR3,ENSG00000180011,2.317378786188402,1.6877242967129649
PTGS1,ENSG00000095303,1.970539174319136,3.479772929646263
PTGS2,ENSG00000073756,3.2182271150330526,4.158861661673863
PTPMT1,ENSG00000110536,1.8624535823475792,2.093464180630928
PYCR1,ENSG00000183010,1.6688445329620505,2.6607578120542383
PYCR3,ENSG00000104524,1.5812077599554029,1.9656063205375254
PYGB,ENSG00000100994,2.430147243173529,2.0725590243371057
PYGL,ENSG00000100504,2.0227576420216775,2.691941092934074
PYGM,ENSG00000068976,2.3942504426505975,1.773138327426124
QDPR,ENSG00000151552,2.400976400257574,2.860461198686127
QPRT,ENSG00000103485,3.126807479558167,2.221000249773927
RAB6B,ENSG00000154917,3.7466992074751975,2.222274570216594
RAB8B,ENSG00000166128,2.998396259342034,2.7554461733852347
RENBP,ENSG00000102032,1.9099685703399936,2.9062780451828014
RFK,ENSG00000135002,1.9256588228280624,2.0439867936845393
RNF5,ENSG00000204308,2.1637095428616187,2.675089407450788
RPE,ENSG00000197713,1.80340427368974,1.6756102633522132
RPIA,ENSG00000153574,2.154795713404013,2.227343304011171
RRBP1,ENSG00000125844,2.820174659131937,4.3477765832008215
RRM1,ENSG00000167325,2.2640378925703595,2.2102444205291776
RRM2,ENSG00000171848,2.771005069416872,3.06034891973428
RRM2B,ENSG00000048392,2.1095084171794904,2.646684563193361
SARDH,ENSG00000123453,2.1216724431717635,1.5393995771613382
SCD,ENSG00000099194,4.062386975572908,4.636579700208374
SCD5,ENSG00000145284,7.964808065391711,3.9653264930180625
SCP2,ENSG00000116171,2.91101604845224,3.4134195497747117
SDHA,ENSG00000073578,2.2748616377600666,2.715241539529343
SDHB,ENSG00000117118,2.312465270525341,3.006547149528245
SDHC,ENSG00000143252,2.544715052722446,2.6689097213215223
SDHD,ENSG00000204370,2.1754788900149618,2.8210500188066265
SDS,ENSG00000135094,5.547864746674891,2.624393491380631
SDSL,ENSG00000139410,1.4295316279770764,1.6904043131175093
SEC11A,ENSG00000140612,3.4916071202603782,3.5291026164701993
SEC11C,ENSG00000166562,2.695591529490334,3.8355121547736553
SEC61A1,ENSG00000058262,2.1901871953213905,2.3596845451288253
SEC61B,ENSG00000106803,4.4960649632300385,5.159651522865708
SEC61G,ENSG00000132432,4.272664632322686,6.342221140154662
SEC62,ENSG00000008952,4.130394680395778,4.395143489318471
SEC63,ENSG00000025796,2.907178780308959,2.6121406000622085
SEL1L,ENSG00000071537,2.609973633491739,2.289187233414745
SELENOS,ENSG00000131871,2.684530244976077,3.2700352400097445
SERP1,ENSG00000120742,4.496082459901332,4.6546857099085015
SGMS1,ENSG00000198964,4.674369591528508,3.597657828664477
SHMT1,ENSG00000176974,1.847315846696878,2.073990171039926
SI,ENSG00000090402,7.605502876130315,2.7749425232411515
SIAH1,ENSG00000196470,2.240527275695947,2.0245569028396817
SIAH2,ENSG00000181788,2.489935924823677,2.2498661217501166
SIL1,ENSG00000120725,2.6914210167787087,2.6649591890781674
SKP1,ENSG00000113558,5.62894363913963,6.2636627835450716
SLC16A1,ENSG00000155380,2.452682249773481,2.2603705506227034
SLC16A3,ENSG00000141526,2.3941453744062597,3.113943572882417
SLC16A7,ENSG00000118596,3.611195399774666,2.8509626109789186
SLC25A1,ENSG00000100075,1.9934515572975748,2.338980972489659
SLC25A10,ENSG00000183048,1.2983001510100698,2.303361779832756
SLC25A11,ENSG00000108528,1.9729079821234965,2.2649602884231474
SLC25A12,ENSG00000115840,4.4244015661384255,3.248922753419966
SLC25A13,ENSG00000004864,2.7485649421282576,3.243050457311896
SLC25A15,ENSG00000102743,1.9840141900003367,1.8011424019062414
SLC25A16,ENSG00000122912,2.846247020240238,1.977436334398797
SLC25A18,ENSG00000182902,2.8672727648087712,3.632813094114489
SLC25A2,ENSG00000120329,2.355647266553601,1.1407075488393763
SLC25A20,ENSG00000178537,2.1274613520470154,2.221761970682028
SLC25A21,ENSG00000183032,5.4805867510857595,2.0762933615094368
SLC25A22,ENSG00000177542,1.8381825122889512,1.8330243147217786
SLC25A3,ENSG00000075415,5.258911993081254,5.959935133415654
SLC25A4,ENSG00000151729,3.476278028243143,4.804055210397371
SLC25A5,ENSG00000005022,5.05802521809077,6.518554839350696
SLC25A6,ENSG00000169100,8.686896740635897,7.748135947417286
SLC27A2,ENSG00000140284,2.47482550733562,4.603047095199848
SLC27A5,ENSG00000083807,1.7888324825970388,1.5453553442905466
SLC37A1,ENSG00000160190,2.5201870710643757,1.8521387690913544
SLC37A4,ENSG00000137700,1.4263372629818416,2.2210559015572247
SOAT1,ENSG00000057252,2.8205828270824655,3.6019799670354633
SOAT2,ENSG00000167780,2.7692937571933043,1.1605948600293585
SORD,ENSG00000140263,1.4322424179392224,2.3591305027652845
SPCS1,ENSG00000114902,3.6262720939806,4.148474897959218
SPCS2,ENSG00000118363,3.2186176180182713,4.013240165732198
SPCS3,ENSG00000129128,2.559643078669533,2.7818930770761914
SPTLC1,ENSG00000090054,2.081640341632198,1.9145715568469563
SPTLC2,ENSG00000100596,2.687193433491855,2.649240020741677
SPTLC3,ENSG00000172296,2.319803496681991,2.2531915202946875
SQLE,ENSG00000104549,3.1391598346405876,2.8399304309759246
SRM,ENSG00000116649,2.641152586390032,2.7153103571755284
SRP14,ENSG00000140319,8.115350824456819,7.922953908386772
SRP19,ENSG00000153037,2.231787047526495,2.6228956544454984
SRP54,ENSG00000100883,2.3857535935103105,2.476910329834782
SRP68,ENSG00000167881,1.8918589874414025,1.9238273654988791
SRP72,ENSG00000174780,2.6439845517932374,2.5992767462734427
SRPRA,ENSG00000182934,2.267999221151776,2.5858377785058098
SRPRB,ENSG00000144867,1.9984824959901857,1.9804515272785894
SSR1,ENSG00000124783,2.6806212295246548,2.7092140947334244
SSR2,ENSG00000163479,4.419822015339844,4.446210409951994
SSR3,ENSG00000114850,2.9213184547840645,3.367024332286811
SSR4,ENSG00000180879,4.899133515844798,6.206237528552909
ST3GAL1,ENSG00000008513,2.990860477235038,2.9384144190578128
ST3GAL2,ENSG00000157350,2.838154951667788,1.9097485968353594
ST3GAL3,ENSG00000126091,5.7367920929819585,2.8892464185411475
ST3GAL4,ENSG00000110080,2.750943348900236,2.351864913283115
ST6GAL1,ENSG00000073849,4.202347011651525,3.736927864985079
STT3A,ENSG00000134910,2.069259166714537,2.130775241939322
STT3B,ENSG00000163527,2.8532464317261956,3.465113917769924
STX11,ENSG00000135604,2.553999989999139,3.1848530534922816
STX12,ENSG00000117758,2.652450898790126,2.5405917238544657
STX16,ENSG00000124222,2.424111391217669,2.272232046228825
STX19,ENSG00000178750,2.65694177555179,1.6588453053740126
STX1B,ENSG00000099365,4.580707022941318,2.6282831882018893
STX4,ENSG00000103496,2.08993278175943,2.345577555001494
STX6,ENSG00000135823,2.538143752204882,1.8496891012283296
STX7,ENSG00000079950,2.766250855861776,2.747478019024458
SUCLA2,ENSG00000136143,2.2786364339139187,2.562917367652458
SUCLG1,ENSG00000163541,2.464886311745933,2.9075265106426973
SUCLG2,ENSG00000172340,2.499631675640676,3.217693583357314
SUOX,ENSG00000139531,1.7467706069983884,1.7648668231391802
SYVN1,ENSG00000162298,2.3051666216683726,1.9565920721262873
TALDO1,ENSG00000177156,3.4623393437739005,4.324114764628282
TAT,ENSG00000198650,22.937025860053676,10.061442234188714
TBXAS1,ENSG00000059377,2.7327717800572624,4.636037780214469
TDO2,ENSG00000151790,10.229633224674178,1.9217065570406142
TKT,ENSG00000163931,3.867631965696835,4.614752601099142
TKTL1,ENSG00000007350,4.146513308649344,4.890701264905393
TKTL2,ENSG00000151005,27.596622039810285,1.3856031320604156
TM7SF2,ENSG00000149809,3.0482124571867453,1.9971864110135495
TNNI3K,ENSG00000116783,5.414297552557457,1.9974237464013491
TP53,ENSG00000141510,1.896353946084924,2.609589902326232
TPH1,ENSG00000129167,2.456918712144349,2.7869387489995945
TPH2,ENSG00000139287,2.2111402448757658,1.4254383788709801
TPI1,ENSG00000111669,7.494867535248242,6.588112786612423
TRAPPC1,ENSG00000170043,3.075542002010667,3.7829190633516387
TRAPPC3,ENSG00000054116,2.1362303453526317,2.6561470443924744
TRAPPC4,ENSG00000196655,2.0926098364817523,2.560492811381496
TRAPPC5,ENSG00000181029,1.966972144069814,2.532389288433449
TRAPPC6A,ENSG00000007255,2.1743312236428065,2.787744056515912
TRAPPC6B,ENSG00000182400,2.366544331131408,2.2320456716421138
TUSC3,ENSG00000104723,4.423596455857635,2.9786047483335016
TXNRD1,ENSG00000198431,3.141069897209386,3.412470438300984
TYMS,ENSG00000176890,3.1244519610061205,3.3744673378083143
TYR,ENSG00000077498,3.221621693451744,3.4133919331676474
UAP1,ENSG00000117143,2.104441977624014,2.42755169056698
UAP1L1,ENSG00000197355,1.7139493903560314,2.3350033864085664
UBA1,ENSG00000130985,2.6749749028516354,2.3247765434494245
UBA5,ENSG00000081307,2.0776346780959845,1.9282337411831643
UBA7,ENSG00000182179,2.113058425601257,2.740086892787474
UBE2D3,ENSG00000109332,4.660334014871074,4.549318336849335
UBE2E2,ENSG00000182247,5.6596227586426044,5.847453767314269
UBE2G1,ENSG00000132388,2.6837362126405115,2.503058622970389
UBE2G2,ENSG00000184787,2.4306045329638075,2.4025677096113136
UBE2J2,ENSG00000160087,2.0438894975747286,2.250309985619974
UBE4B,ENSG00000130939,4.045050109617888,2.8435241934764863
UEVLD,ENSG00000151116,2.607611020039854,1.7668141518750469
UFD1,ENSG00000070010,2.169836597123537,2.524794378224266
UGCG,ENSG00000148154,3.062192978954446,2.5146511929140365
UGDH,ENSG00000109814,2.2432574121736097,5.047730635999284
UGGT1,ENSG00000136731,2.7950897114947963,1.9138190570538764
UGP2,ENSG00000169764,2.884299370520465,3.001416667434154
UMPS,ENSG00000114491,1.7708129976752562,1.828579962784467
UPB1,ENSG00000100024,2.8006716306651773,2.825806159869728
UQCR10,ENSG00000184076,4.484160966941662,5.880615592703003
UQCR11,ENSG00000127540,5.096858847216784,6.244981947873329
UQCRB,ENSG00000156467,7.850451910987536,7.3653618101982605
UQCRC1,ENSG00000010256,2.61144054239861,3.1374380459988083
UQCRC2,ENSG00000140740,2.821503581375376,3.065416586518085
UQCRFS1,ENSG00000169021,2.856858850933462,3.5702643865147845
UQCRH,ENSG00000173660,5.8695905853986625,6.559817353730703
UQCRQ,ENSG00000164405,4.82939489820999,6.204238471941055
UROC1,ENSG00000159650,3.988820063650422,1.8825854954762153
UROD,ENSG00000126088,2.4821406531363253,2.175472294389736
UROS,ENSG00000188690,2.257172602159919,1.9121918886977711
VCP,ENSG00000165280,2.8360054166368096,3.2959672510019282
XDH,ENSG00000158125,2.148276358694972,2.566571987269137
XYLB,ENSG00000093217,3.6708918498630982,1.6513660451556977
