symbol,ensembl_id,threshold
A4GALT,ENSG00000128274,2.0046535599554747
AACS,ENSG00000081760,2.2760303784288314
AADAT,ENSG00000109576,3.1382430349468717
AASS,ENSG00000008311,3.4920045601793643
ABAT,ENSG00000183044,4.805038730449241
ABCD1,ENSG00000101986,1.7959225401078531
ABCD3,ENSG00000117528,2.8557583397517052
ACAA1,ENSG00000060971,2.175383198214221
ACAA2,ENSG00000167315,2.0913989084608526
ACACA,ENSG00000278540,2.2226638503248637
ACACB,ENSG00000076555,4.098952917878642
ACAD10,ENSG00000111271,3.067234755497277
ACAD11,ENSG00000240303,3.925403124120438
ACAD8,ENSG00000151498,1.8746731592800356
ACAD9,ENSG00000177646,1.9646803297086528
ACADL,ENSG00000115361,3.251126143321642
ACADM,ENSG00000117054,2.4205533502043095
ACADS,ENSG00000122971,1.8171345296930155
ACADSB,ENSG00000196177,3.049712816308632
ACAT1,ENSG00000075239,2.443803051236963
ACAT2,ENSG00000120437,2.4828686028132956
ACMSD,ENSG00000153086,5.650080918476588
ACO1,ENSG00000122729,2.141127241423016
ACO2,ENSG00000100412,2.2674653725416154
ACOX1,ENSG00000161533,2.323721158419574
ACOX2,ENSG00000168306,1.9300696855140456
ACSBG2,ENSG00000130377,12.585757844197442
ACSL1,ENSG00000151726,3.4985397921963015
ACSL3,ENSG00000123983,3.316367255053865
ACSL4,ENSG00000068366,3.3314495900964483
ACSL5,ENSG00000197142,2.104935594877695
ACSL6,ENSG00000164398,3.455326416229215
ADH1A,ENSG00000187758,10.172968991994038
ADH1B,ENSG00000196616,15.868968047747137
ADH1C,ENSG00000248144,13.020968519870587
ADH4,ENSG00000198099,9.721897019337906
ADH5,ENSG00000197894,2.511948529371983
ADH6,ENSG00000172955,5.595227592261166
ADH7,ENSG00000196344,2.826657087282337
ADHFE1,ENSG00000147576,3.110675000127901
ADK,ENSG00000156110,4.672755373710219
ADSL,ENSG00000239900,1.9321510167375775
ADSS1,ENSG00000185100,1.9220834320942695
ADSS2,ENSG00000035687,2.274266553239991
AFMID,ENSG00000183077,2.1447382511921416
AGA,ENSG00000038002,1.892188218789432
AGL,ENSG00000162688,2.8743502760076365
AGPAT1,ENSG00000204310,1.7631909527075178
AGPAT2,ENSG00000169692,1.969777144220913
AGPAT3,ENSG00000160216,2.9685260406562537
AGPAT4,ENSG00000026652,4.606181351778536
AGPAT5,ENSG00000155189,2.934811121390651
AGXT,ENSG00000172482,15.233997641714755
AHCY,ENSG00000101444,2.046556484262351
AHCYL1,ENSG00000168710,2.4999264784598783
AK1,ENSG00000106992,2.0482737766944887
AK2,ENSG00000004455,2.1182865954791814
AK5,ENSG00000154027,4.4904391617827075
AK7,ENSG00000140057,2.6079663679374803
AKR1A1,ENSG00000117448,2.5585532625272633
AKR1B1,ENSG00000085662,2.5306958464002225
AKR1C4,ENSG00000198610,12.685869431559512
AKR1D1,ENSG00000122787,3.66704391590413
AKR7A2,ENSG00000053371,2.0290704641843225
ALAD,ENSG00000148218,2.155011585949272
ALAS1,ENSG00000023330,2.1251564936170855
ALAS2,ENSG00000158578,15.296353729110322
ALDH18A1,ENSG00000059573,1.9705990393577573
ALDH1A1,ENSG00000165092,4.092927207819942
ALDH1A2,ENSG00000128918,4.327032895414436
ALDH1A3,ENSG00000184254,3.8620550039819594
ALDH1B1,ENSG00000137124,1.4570442676888895
ALDH1L1,ENSG00000144908,4.239590186364617
ALDH1L2,ENSG00000136010,3.1337740420451112
ALDH2,ENSG00000111275,3.4671091365806097
ALDH3A1,ENSG00000108602,11.051658865034629
ALDH3A2,ENSG00000072210,2.7708348047976203
ALDH3B1,ENSG00000006534,1.7322299360258242
ALDH3B2,ENSG00000132746,1.3385614154558192
ALDH4A1,ENSG00000159423,1.6236531253418818
ALDH5A1,ENSG00000112294,2.562417282340957
ALDH6A1,ENSG00000119711,2.412733302585897
ALDH7A1,ENSG00000164904,2.6394009132560727
ALDH9A1,ENSG00000143149,2.211023613872065
ALDOA,ENSG00000149925,6.228438898476751
ALDOB,ENSG00000136872,28.348394982704896
ALDOC,ENSG00000109107,3.307865355945318
AMACR,ENSG00000242110,2.0697138109581705
AMD1,ENSG00000123505,2.721053399204193
AMDHD1,ENSG00000139344,5.446295330581973
AMT,ENSG00000145020,2.0740636439312685
AMY1A,ENSG00000237763,1.3390462897290811
AMY1B,ENSG00000174876,1.3792825301907252
AMY1C,ENSG00000187733,1.1300150434998548
AMY2A,ENSG00000243480,2.7208485202053736
AMY2B,ENSG00000240038,3.3890295565866846
AOC1,ENSG00000002726,3.9698528284408083
AOC2,ENSG00000131480,1.9655206441711708
AOC3,ENSG00000131471,3.577173134369171
AP1B1,ENSG00000100280,2.1668326541979397
AP1G1,ENSG00000166747,3.0297326952021564
AP1M1,ENSG00000072958,2.4870367398367716
AP1S1,ENSG00000106367,1.8672614747299279
AP1S2,ENSG00000182287,3.2731178973292607
AP3B2,ENSG00000103723,4.644538289498527
AP3D1,ENSG00000065000,2.2508496873952235
AP3M1,ENSG00000185009,2.1189985298765137
AP3M2,ENSG00000070718,2.6701817058194974
AP3S2,ENSG00000157823,2.2286745450103655
APRT,ENSG00000198931,3.910303568827915
AQP8,ENSG00000103375,16.356094270812793
AQP9,ENSG00000103569,2.6895594090408337
ARF1,ENSG00000143761,3.838360117844913
ARG1,ENSG00000118520,9.532430694253922
ARG2,ENSG00000081181,2.7859904445903583
ASL,ENSG00000126522,1.9439564247939582
ASNS,ENSG00000070669,2.4706015951613547
ASPG,ENSG00000166183,2.636286236777169
ASRGL1,ENSG00000162174,2.5614391028821237
ASS1,ENSG00000130707,3.698979605222611
ATIC,ENSG00000138363,1.9953962280878195
ATP5F1A,ENSG00000152234,5.225655176251927
ATP5F1B,ENSG00000110955,4.60396004251348
ATP5F1C,ENSG00000165629,3.5460241175450897
ATP5F1D,ENSG00000099624,4.323176874356523
ATP5F1E,ENSG00000124172,12.407476440147438
ATP5MC1,ENSG00000159199,3.2278120333625036
ATP5MC2,ENSG00000135390,7.760494611163986
ATP5MC3,ENSG00000154518,5.146117316440521
ATP5ME,ENSG00000169020,4.453332895673598
ATP5MF,ENSG00000241468,4.364865525313534
ATP5MG,ENSG00000167283,8.16814988984913
ATP5MGL,ENSG00000249222,2.005780583745914
ATP5PB,ENSG00000116459,3.179659673585726
ATP5PD,ENSG00000167863,3.291754313335896
ATP5PF,ENSG00000154723,4.566839265107691
ATP5PO,ENSG00000241837,4.580107872663978
ATXN3,ENSG00000066427,2.6122062021933203
AUH,ENSG00000148090,3.6424103759885362
B3GALNT1,ENSG00000169255,2.647891894739412
B3GALT1,ENSG00000172318,4.724366086128747
B3GALT2,ENSG00000162630,4.770136941275673
B3GALT5,ENSG00000183778,3.6630615515385223
B3GNT2,ENSG00000170340,2.135665625956115
B3GNT3,ENSG00000179913,1.3208448194154678
B3GNT4,ENSG00000176383,2.5184977574367897
B3GNT6,ENSG00000198488,2.119839422071962
B3GNT7,ENSG00000156966,2.6353432740187044
B3GNT8,ENSG00000177191,1.3938987502310864
B3GNTL1,ENSG00000175711,2.1334854399435863
B4GALT1,ENSG00000086062,3.339547486453743
B4GALT2,ENSG00000117411,2.056806877116977
B4GALT3,ENSG00000158850,1.8598961712014155
B4GALT5,ENSG00000158470,3.6516365248956446
B4GAT1,ENSG00000174684,2.605553425784531
BAAT,ENSG00000136881,9.877510241044282
BAG6,ENSG00000204463,2.33363942911674
BCAP31,ENSG00000185825,2.7526873149872215
BCAT1,ENSG00000060982,2.5110657626922226
BCAT2,ENSG00000105552,1.859634847371068
BCKDHA,ENSG00000248098,1.4348467233011726
BCKDHB,ENSG00000083123,4.263820881732295
BDH1,ENSG00000161267,2.6841535794650184
BLVRA,ENSG00000106605,2.2357388314319446
BLVRB,ENSG00000090013,4.697454451433933
BPGM,ENSG00000172331,2.151976571777995
C1GALT1,ENSG00000106392,2.4853666552953237
C1GALT1C1,ENSG00000171155,1.7410100334509075
CA1,ENSG00000133742,9.022361948785905
CA12,ENSG00000074410,5.818033052381648
CA13,ENSG00000185015,2.463427953244731
CA14,ENSG00000118298,2.387260267705363
CA2,ENSG00000104267,4.234057158947551
CA3,ENSG00000164879,4.265166379523607
CA4,ENSG00000167434,10.182021708679065
CA5A,ENSG00000174990,2.068128736348705
CA5B,ENSG00000169239,2.695630860930517
CA6,ENSG00000131686,2.3554083507330303
CA7,ENSG00000168748,3.036241563168795
CA9,ENSG00000107159,2.6115279452573206
CAD,ENSG00000084774,1.8751795209803894
CALM1,ENSG00000198668,7.558175919129559
CALR,ENSG00000179218,5.299264540691113
CANX,ENSG00000127022,3.4782380609712527
CAT,ENSG00000121691,2.7981618215603006
CBS,ENSG00000160200,3.597244944137585
CDIPT,ENSG00000103502,2.0098437298369705
CDO1,ENSG00000129596,2.6279214378533555
CEL,ENSG00000170835,12.200823141807783
CERT1,ENSG00000113163,3.422083784852126
CHST1,ENSG00000175264,3.394435099226642
CHST2,ENSG00000175040,2.587687961953961
CHST3,ENSG00000122863,3.133402467015984
CHST4,ENSG00000140835,2.6830310479440787
CHST5,ENSG00000135702,2.38000765664101
CHST6,ENSG00000183196,1.7708254136573494
CLTA,ENSG00000122705,3.85428045502318
CLTB,ENSG00000175416,2.809489263400609
CLTC,ENSG00000141367,2.924659516672399
CMAS,ENSG00000111726,2.1582542573606833
CMPK1,ENSG00000162368,2.7984641999179365
CNDP1,ENSG00000150656,11.527146944235744
CNDP2,ENSG00000133313,2.2794773103671293
COASY,ENSG00000068120,1.758803591719684
COQ2,ENSG00000173085,1.5480251661175988
COQ3,ENSG00000132423,1.498503224148989
COQ6,ENSG00000119723,1.9931793729362024
COQ7,ENSG00000167186,2.1399775933610985
COX1,ENSG00000198804,100.44699673183788
COX2,ENSG00000198712,86.8935524562312
COX3,ENSG00000198938,84.56510456484297
COX4I1,ENSG00000131143,9.953127288792635
COX4I2,ENSG00000131055,6.582554103751802
COX5A,ENSG00000178741,4.031318532123526
COX5B,ENSG00000135940,5.581210213717518
COX6A1,ENSG00000111775,4.950977864751759
COX6A2,ENSG00000156885,23.065634118748115
COX6B1,ENSG00000126267,5.883222023027544
COX6B2,ENSG00000160471,1.9433667613911614
COX6C,ENSG00000164919,6.190398585724452
COX7A1,ENSG00000161281,6.812282046681845
COX7A2,ENSG00000112695,6.083741130327066
COX7A2L,ENSG00000115944,3.234578332111313
COX7B,ENSG00000131174,4.942131064598273
COX7B2,ENSG00000170516,16.610540130905047
COX7C,ENSG00000127184,9.724441968854814
COX8A,ENSG00000176340,5.017516772783429
COX8C,ENSG00000187581,7.918152125233139
CPOX,ENSG00000080819,2.3405781959524092
CPS1,ENSG00000021826,3.3330646753800535
CPT1A,ENSG00000110090,2.3251237519515806
CPT1B,ENSG00000205560,2.8099981230027526
CPT1C,ENSG00000169169,3.5044108821853683
CPT2,ENSG00000157184,1.758329049746767
CRAT,ENSG00000095321,1.7242659233247668
CRLS1,ENSG00000088766,1.924803180163953
CROT,ENSG00000005469,2.4463975931165414
CS,ENSG00000062485,2.0874868328885134
CTH,ENSG00000116761,2.2717706462121354
CTPS1,ENSG00000171793,1.8857346962391466
CTPS2,ENSG00000047230,3.9475454848864624
CTSA,ENSG00000064601,2.6071592392146
CUL1,ENSG00000055130,2.8076696400526164
CYB5D1,ENSG00000182224,1.6643380016203297
CYC1,ENSG00000179091,2.915066663702531
CYP27A1,ENSG00000135929,3.250096231636177
CYP2E1,ENSG00000130649,12.604866042262172
CYP51A1,ENSG00000001630,3.204867402355354
CYP7A1,ENSG00000167910,2.2662908269435924
CYTB,ENSG00000198727,55.023306044172934
DAD1,ENSG00000129562,3.535269094506448
DBH,ENSG00000123454,14.514566412057915
DBT,ENSG00000137992,2.5799130110535957
DCXR,ENSG00000169738,2.6879421521897378
DDC,ENSG00000132437,6.087439609266563
DDOST,ENSG00000244038,2.667199060087872
DECR2,ENSG00000242612,1.53684018248702
DEGS1,ENSG00000143753,2.3514565218294448
DEGS2,ENSG00000168350,2.0898483046375143
DERL1,ENSG00000136986,2.132816782123201
DERL3,ENSG00000099958,2.426334686904495
DGAT1,ENSG00000185000,2.008835157206456
DGAT2,ENSG00000062282,2.099269102314193
DGKA,ENSG00000065357,2.6436972131350114
DGKB,ENSG00000136267,8.585822163242476
DGKD,ENSG00000077044,3.1821209608897236
DGKE,ENSG00000153933,2.843348241640977
DGKG,ENSG00000058866,5.6314855323637785
DGKH,ENSG00000102780,5.6230772019874395
DGKI,ENSG00000157680,8.230725643918674
DGKQ,ENSG00000145214,2.159555714433043
DGKZ,ENSG00000149091,2.4039930819439657
DHFR,ENSG00000228716,1.8695279401799547
DHODH,ENSG00000102967,1.623118989713096
DLAT,ENSG00000150768,1.9515218604594318
DLD,ENSG00000091140,2.1562560538537436
DLST,ENSG00000119689,1.9638220056537627
DMAC2L,ENSG00000125375,2.1969677483462093
DNAJC1,ENSG00000136770,3.238276083363379
DPM2,ENSG00000136908,1.8174984254193782
DPYD,ENSG00000188641,6.079737413687629
DPYS,ENSG00000147647,7.031228435513908
DPYSL2,ENSG00000092964,5.7448997798139985
DPYSL3,ENSG00000113657,7.92895626541964
DTYMK,ENSG00000168393,2.083795358698325
ECHS1,ENSG00000127884,2.471768944863623
ECI2,ENSG00000198721,2.244239921158186
EDEM1,ENSG00000134109,2.0875795398488615
EDEM2,ENSG00000088298,1.928142928574735
EDEM3,ENSG00000116406,2.799603746953579
EHHADH,ENSG00000113790,2.79280976930872
ELOVL2,ENSG00000197977,5.626813315977617
ELOVL4,ENSG00000118402,4.2627702882672835
ELOVL5,ENSG00000012660,2.7919148019820716
ELOVL6,ENSG00000170522,4.630866809318317
ENO1,ENSG00000074800,6.457088924451119
ENO2,ENSG00000111674,5.443676469344362
ENO3,ENSG00000108515,3.2084807074158657
ERO1A,ENSG00000197930,2.4530532367886058
ERO1B,ENSG00000086619,2.8569167791356036
ETFA,ENSG00000140374,2.4154979233604754
ETFB,ENSG00000105379,2.590938899410508
ETFDH,ENSG00000171503,2.489307433978257
EXOC2,ENSG00000112685,3.605438531637685
EXOC3,ENSG00000180104,2.05554258435309
EXOC4,ENSG00000131558,7.533715488376587
EXOC5,ENSG00000070367,2.7280933984578843
EXOC6B,ENSG00000144036,10.36310896265962
EXOC7,ENSG00000182473,2.3736089606792334
EXOC8,ENSG00000116903,2.1211862338216005
FABP1,ENSG00000163586,49.612604427529554
FADS1,ENSG00000149485,2.516131720918357
FADS2,ENSG00000134824,3.9316626628128186
FAH,ENSG00000103876,1.512719418950695
FASN,ENSG00000169710,2.199114692622774
FBP1,ENSG00000165140,3.4614471445619808
FBP2,ENSG00000130957,2.436228058706242
FBXO2,ENSG00000116661,2.5660843914570464
FCSK,ENSG00000157353,2.1580228835748785
FDFT1,ENSG00000079459,3.0094273860714655
FECH,ENSG00000066926,2.3918461924125842
FH,ENSG00000091483,1.9031414310867765
FLAD1,ENSG00000160688,1.8370183217275746
FPGT,ENSG00000254685,2.0478005271802866
FTCD,ENSG00000160282,8.532841649230841
FUCA1,ENSG00000179163,2.042017881441648
FUT8,ENSG00000033170,5.273872972100429
G6PC1,ENSG00000131482,3.8393458924417745
G6PC2,ENSG00000152254,2.8569132782457642
G6PC3,ENSG00000141349,1.6396140841664542
G6PD,ENSG00000160211,1.8735393113982053
GAD1,ENSG00000128683,6.311930722649147
GAD2,ENSG00000136750,6.506914624483225
GALE,ENSG00000117308,1.5706995575631792
GALK1,ENSG00000108479,1.581960716627161
GALK2,ENSG00000156958,2.9999423619425793
GALNS,ENSG00000141012,1.850570559294227
GALNT1,ENSG00000141429,3.0062223874776652
GALNT10,ENSG00000164574,3.45622460375703
GALNT11,ENSG00000178234,3.036175761011052
GALNT12,ENSG00000119514,1.60926126310974
GALNT13,ENSG00000144278,9.79972752079502
GALNT14,ENSG00000158089,5.046697106431115
GALNT15,ENSG00000131386,6.293180104852838
GALNT17,ENSG00000185274,10.757778576662638
GALNT2,ENSG00000143641,3.2467249903746147
GALNT3,ENSG00000115339,2.3258897616022725
GALNT4,ENSG00000257594,1.3246668792207676
GALNT5,ENSG00000136542,1.6568957076074038
GALNT6,ENSG00000139629,1.8788965325388995
GALNT7,ENSG00000109586,3.2085992201761897
GALNT8,ENSG00000130035,4.965480336574219
GALNT9,ENSG00000182870,3.7128577199960073
GALT,ENSG00000213930,2.0209137013719087
GAMT,ENSG00000130005,2.0750895883822755
GANAB,ENSG00000089597,1.9993586357820374
GAPDH,ENSG00000111640,20.045450745942386
GAPDHS,ENSG00000105679,3.132312712619955
GART,ENSG00000159131,2.231398007380007
GATM,ENSG00000171766,4.993718576784148
GBE1,ENSG00000114480,2.9330434088548545
GBF1,ENSG00000107862,4.216890992399528
GCAT,ENSG00000100116,1.3431807127482154
GCDH,ENSG00000105607,1.872600353607975
GCK,ENSG00000106633,2.3352630831148224
GCLC,ENSG00000001084,2.4156348393662945
GCLM,ENSG00000023909,2.38569195382168
GCNT1,ENSG00000187210,2.0205684779070436
GCNT3,ENSG00000140297,2.3651738567523077
GCNT4,ENSG00000176928,2.2863231007325164
GCSH,ENSG00000140905,2.01785715335249
GDA,ENSG00000119125,3.4726797304477133
GET1,ENSG00000182093,2.5651685802152175
GET3,ENSG00000198356,2.079275594164859
GFPT1,ENSG00000198380,2.912290789671612
GFPT2,ENSG00000131459,2.9412410705045597
GGA1,ENSG00000100083,2.3836974929096635
GGA2,ENSG00000103365,2.7170438809401514
GGA3,ENSG00000125447,2.3178883012343943
GGPS1,ENSG00000152904,2.4586499464385883
GK,ENSG00000198814,3.19823846732845
GK2,ENSG00000196475,35.93516824938767
GLB1,ENSG00000170266,2.1148281052881917
GLDC,ENSG00000178445,3.909974639582787
GLS,ENSG00000115419,3.2267097004398644
GLS2,ENSG00000135423,3.2318664208066927
GLUD1,ENSG00000148672,2.7287495404933733
GLUD2,ENSG00000182890,2.0268824537484655
GLUL,ENSG00000135821,5.048631664703325
GMPPA,ENSG00000144591,1.5532793494997912
GMPPB,ENSG00000173540,1.5625656210677776
GMPS,ENSG00000163655,2.398200532472711
GNE,ENSG00000159921,2.7940187433548918
GNMT,ENSG00000124713,6.731826163949112
GNPDA1,ENSG00000113552,1.8806019686810944
GNPDA2,ENSG00000163281,2.3829092764595607
GNPNAT1,ENSG00000100522,1.8462231105854223
GOT1,ENSG00000120053,2.193726447796135
GOT2,ENSG00000125166,2.014529259406241
GPAA1,ENSG00000197858,2.1347720231149694
GPAM,ENSG00000119927,3.3745463681908547
GPAT4,ENSG00000158669,2.241234410704609
GPD1,ENSG00000167588,3.050506619677355
GPI,ENSG00000105220,2.637586302881338
GPT,ENSG00000167701,4.100326201585713
GPT2,ENSG00000166123,2.3183003502555355
GPX1,ENSG00000233276,6.667964841639505
GPX4,ENSG00000167468,5.58453642428775
GRHPR,ENSG00000137106,2.156563914155194
GSR,ENSG00000104687,2.45061261021213
GSS,ENSG00000100983,1.7787739739308297
GSTZ1,ENSG00000100577,1.4420801360971025
GUK1,ENSG00000143774,4.46238426081482
GYG1,ENSG00000163754,2.2512884367476818
GYG2,ENSG00000056998,2.874573028297223
GYS1,ENSG00000104812,2.481931488745345
GYS2,ENSG00000111713,4.875231120168
HAAO,ENSG00000162882,1.8209825631546102
HADH,ENSG00000138796,2.0370585857429266
HADHA,ENSG00000084754,2.7745644625451003
HADHB,ENSG00000138029,2.55674619556883
HAL,ENSG00000084110,3.545320670774349
HDC,ENSG00000140287,4.0758616926353985
HEXA,ENSG00000213614,2.4079926616620546
HEXB,ENSG00000049860,2.3885863306357042
HGD,ENSG00000113924,5.472514383662016
HIBADH,ENSG00000106049,2.670030075787319
HIBCH,ENSG00000198130,3.5008850181790927
HK1,ENSG00000156515,2.5886169582982372
HK2,ENSG00000159399,1.9209323405733794
HK3,ENSG00000160883,1.8919969481613004
HKDC1,ENSG00000156510,2.9717790932323864
HMBS,ENSG00000256269,2.2094220271670446
HMGCL,ENSG00000117305,1.9264649189205167
HMGCLL1,ENSG00000146151,5.442219672363473
HMGCR,ENSG00000113161,3.583314571312392
HMGCS2,ENSG00000134240,9.223063653122956
HMOX1,ENSG00000100292,3.4304029642278473
HMOX2,ENSG00000103415,2.3914157945693826
HPD,ENSG00000158104,13.842986995465875
HPRT1,ENSG00000165704,2.3977548042729424
HSD17B10,ENSG00000072506,2.2460041493433445
HSD17B4,ENSG00000133835,2.577801021031944
HSD3B7,ENSG00000099377,1.5264507145268997
HSP90B1,ENSG00000166598,5.399051709776347
HSPA5,ENSG00000044574,4.740131539692456
HYOU1,ENSG00000149428,2.0306478417405875
IDH1,ENSG00000138413,2.5516551375691843
IDH2,ENSG00000182054,3.1599491504565704
IDH3A,ENSG00000166411,2.1246188370191774
IDH3B,ENSG00000101365,2.1677399840111367
IDH3G,ENSG00000067829,2.0506404301443655
IDI1,ENSG00000067064,2.94795050283008
IDI2,ENSG00000148377,2.466096218977909
IDO1,ENSG00000131203,2.838675170383296
IDO2,ENSG00000188676,1.8960521470736027
IMPA1,ENSG00000133731,2.0115649259164807
IMPA2,ENSG00000141401,1.714879378022858
IMPDH1,ENSG00000106348,2.1017549983095343
IMPDH2,ENSG00000178035,2.8686847042130044
ISYNA1,ENSG00000105655,2.7749495355896854
ITPA,ENSG00000125877,2.049208665621589
IVD,ENSG00000128928,2.3706444480656055
KDSR,ENSG00000119537,2.2870424931577977
KHK,ENSG00000138030,2.6369361136357634
KMO,ENSG00000117009,2.422979508057332
KYAT1,ENSG00000171097,3.016166052690959
KYNU,ENSG00000115919,2.800909909986623
LALBA,ENSG00000167531,1.9121039459190614
LDHA,ENSG00000134333,5.6096704534544175
LDHAL6A,ENSG00000166800,2.55404905766895
LDHAL6B,ENSG00000171989,7.772864990442596
LDHB,ENSG00000111716,7.3257427372748785
LDHC,ENSG00000166796,39.931958270198564
LDHD,ENSG00000166816,1.9078801408811852
LGSN,ENSG00000146166,1.8170151847886529
LHPP,ENSG00000107902,2.488981741154208
LIPA,ENSG00000107798,3.211035191260566
LSS,ENSG00000160285,3.442369388242183
MAN1A1,ENSG00000111885,4.227016408603839
MAN1A2,ENSG00000198162,3.204420200073116
MAN1B1,ENSG00000177239,1.9321704976085656
MAN1C1,ENSG00000117643,3.4816041089191523
MAN2A2,ENSG00000196547,2.6014899186839617
MAN2B1,ENSG00000104774,2.0434550500520645
MANBA,ENSG00000109323,2.7356625457774624
MAOA,ENSG00000189221,2.9331034733415877
MAOB,ENSG00000069535,4.618272906334134
MARCHF6,ENSG00000145495,3.9990137111482995
MAT1A,ENSG00000151224,24.401093077170476
MAT2A,ENSG00000168906,2.2892321516486627
MAT2B,ENSG00000038274,2.397543412827489
MBOAT2,ENSG00000143797,5.745848140357758
MCCC1,ENSG00000078070,2.8941640595422373
MCCC2,ENSG00000131844,2.187283358310066
MDH1,ENSG00000014641,2.85589041274672
MDH1B,ENSG00000138400,3.052054424862324
MDH2,ENSG00000146701,3.0841179875913074
ME1,ENSG00000065833,3.3696410611806904
ME2,ENSG00000082212,2.649940028241908
MGAM,ENSG00000257335,4.590473482125849
MGAT1,ENSG00000131446,2.510613225838337
MGAT2,ENSG00000168282,1.7993478965326462
MGAT3,ENSG00000128268,3.9196808098746714
MGAT4B,ENSG00000161013,1.8302688687051334
MGAT4C,ENSG00000182050,16.251846126895657
MGAT5,ENSG00000152127,5.713718149139179
MIOX,ENSG00000100253,3.46685804816053
MMUT,ENSG00000146085,2.2442634806762762
MOGS,ENSG00000115275,1.9502750634407955
MOXD1,ENSG00000079931,5.250359001622454
MPI,ENSG00000178802,1.8174171301990218
MSMO1,ENSG00000052802,3.584732538676315
MTHFD1,ENSG00000100714,2.667422379155682
MTHFD1L,ENSG00000120254,3.8854301882894875
MTHFD2,ENSG00000065911,2.2016960216243895
MTHFD2L,ENSG00000163738,2.3363833235015505
MTHFR,ENSG00000177000,2.406451240612413
MTMR1,ENSG00000063601,3.5809848359332936
MTMR2,ENSG00000087053,2.710599043924463
MVD,ENSG00000167508,2.351796186482262
MVK,ENSG00000110921,1.9515148410565843
NAMPT,ENSG00000105835,3.8560872910309736
NAPA,ENSG00000105402,2.5521397444498457
NAPRT,ENSG00000147813,1.9533185739006937
NCOA3,ENSG00000124151,3.293821485173063
ND1,ENSG00000198888,37.37247610897184
ND2,ENSG00000198763,46.028722177375045
ND3,ENSG00000198840,46.19261784903773
ND4,ENSG00000198886,63.276341274841315
ND4L,ENSG00000212907,19.138120555752838
ND5,ENSG00000198786,18.127108788503875
ND6,ENSG00000198695,6.9470543781915435
NDUFA1,ENSG00000125356,4.182634787324854
NDUFA10,ENSG00000130414,2.4411068079274965
NDUFA11,ENSG00000174886,3.63980338748724
NDUFA12,ENSG00000184752,3.000600901090198
NDUFA13,ENSG00000186010,3.501252812545955
NDUFA2,ENSG00000131495,3.065257175811776
NDUFA3,ENSG00000170906,3.2785396727803042
NDUFA4,ENSG00000189043,6.927101093609341
NDUFA5,ENSG00000128609,2.8163235899808727
NDUFA6,ENSG00000184983,3.160757220151174
NDUFA7,ENSG00000267855,1.85153074189924
NDUFA8,ENSG00000119421,2.2660792382138037
NDUFA9,ENSG00000139180,2.149691607520532
NDUFAB1,ENSG00000004779,3.0323816086114976
NDUFB1,ENSG00000183648,3.6059513902725517
NDUFB10,ENSG00000140990,3.3462630806950027
NDUFB11,ENSG00000147123,4.129150691384908
NDUFB2,ENSG00000090266,4.414229595046017
NDUFB3,ENSG00000119013,2.7312581274411367
NDUFB4,ENSG00000065518,3.581807099262888
NDUFB5,ENSG00000136521,2.62383012088772
NDUFB6,ENSG00000165264,2.685371216938687
NDUFB7,ENSG00000099795,3.5442638369737787
NDUFB8,ENSG00000166136,3.5093046590761903
NDUFB9,ENSG00000147684,3.6764295315389313
NDUFC1,ENSG00000109390,2.973187852781076
NDUFC2,ENSG00000151366,3.372802719365168
NDUFS1,ENSG00000023228,3.04762615427197
NDUFS2,ENSG00000158864,2.3358011489214956
NDUFS3,ENSG00000213619,2.38744101091753
NDUFS4,ENSG00000164258,2.7821916599681273
NDUFS5,ENSG00000168653,4.91548745263904
NDUFS6,ENSG00000145494,3.357803886738839
NDUFS7,ENSG00000115286,2.7741767227818697
NDUFS8,ENSG00000110717,2.942867430660717
NDUFV1,ENSG00000167792,2.541039081337008
NDUFV2,ENSG00000178127,2.824642081781065
NDUFV3,ENSG00000160194,2.4051881931840136
NEU1,ENSG00000204386,1.9562396994422162
NGLY1,ENSG00000151092,2.57378374332159
NIT2,ENSG00000114021,1.9154779671612485
NME1,ENSG00000239672,3.399544971731751
NME2,ENSG00000243678,3.4620351278683117
NME3,ENSG00000103024,2.4537235303764433
NME4,ENSG00000103202,3.0841425515284793
NME6,ENSG00000172113,1.850309749249418
NME7,ENSG00000143156,3.5491796902805666
NMNAT2,ENSG00000157064,9.28211523712686
NMNAT3,ENSG00000163864,4.019625485156457
NNT,ENSG00000112992,2.9547694435862377
NOS3,ENSG00000164867,2.028912805097283
NPLOC4,ENSG00000182446,2.513750159524671
NSDHL,ENSG00000147383,1.4730429295048584
NSF,ENSG00000073969,2.4535578668483473
OAT,ENSG00000065154,2.50089333467528
ODC1,ENSG00000115758,2.9292399634652
OGDH,ENSG00000105953,2.9069769784415094
OLAH,ENSG00000152463,3.186675698950525
OS9,ENSG00000135506,2.6309974123185715
OTC,ENSG00000036473,3.278850158248942
OTUB1,ENSG00000167770,2.4265142953815095
P4HB,ENSG00000185624,3.604295206798358
PAH,ENSG00000171759,11.572726509517489
PAICS,ENSG00000128050,2.390704047450793
PANK1,ENSG00000152782,2.8746422821169513
PANK2,ENSG00000125779,2.0847768846143238
PANK3,ENSG00000120137,2.9803370803598495
PANK4,ENSG00000157881,2.024111386047266
PAPSS1,ENSG00000138801,2.643323672404156
PAPSS2,ENSG00000198682,6.487956657045954
PC,ENSG00000173599,3.4107911537871796
PCK1,ENSG00000124253,17.21096196494455
PCK2,ENSG00000100889,1.672454100703706
PDHA1,ENSG00000131828,2.0227764512897615
PDHA2,ENSG00000163114,34.74461883782276
PDHB,ENSG00000168291,2.157378882589612
PDHX,ENSG00000110435,2.410084323870788
PDXK,ENSG00000160209,2.4131644087478565
PFAS,ENSG00000178921,1.7614472568142705
PFKL,ENSG00000141959,2.172750671494896
PFKM,ENSG00000152556,2.3224138916379515
PFKP,ENSG00000067057,2.4535724667162797
PGAM1,ENSG00000171314,3.4290512265511315
PGAM2,ENSG00000164708,11.910437380174605
PGAP1,ENSG00000197121,6.2473758737260585
PGD,ENSG00000142657,2.4537258004131157
PGK1,ENSG00000102144,4.181191851797586
PGK2,ENSG00000170950,39.526247274047165
PGLS,ENSG00000130313,2.7154344869406417
PGM1,ENSG00000079739,1.9484257110965988
PGM2,ENSG00000169299,1.7475151238133069
PGM3,ENSG00000013375,2.1138494895147955
PGS1,ENSG00000087157,2.0407458626201755
PHGDH,ENSG00000092621,2.6974375384253078
PIGA,ENSG00000165195,1.924361097109749
PIGC,ENSG00000135845,2.0306633868751773
PIGH,ENSG00000100564,1.9955009505558976
PIGK,ENSG00000142892,2.3382503842607942
PIGL,ENSG00000108474,3.507620197459322
PIGP,ENSG00000185808,1.9590843204541917
PIGQ,ENSG00000007541,2.05237242685264
PIGS,ENSG00000087111,1.8546532345853686
PIGT,ENSG00000124155,2.1626960553266277
PIGU,ENSG00000101464,3.349802954199578
PIGW,ENSG00000277161,1.3241672858805444
PIPOX,ENSG00000179761,4.038083467615375
PKLR,ENSG00000143627,1.4125907841641279
PKM,ENSG00000067225,5.384642310275338
PLCB1,ENSG00000182621,12.210690689345979
PLCB2,ENSG00000137841,2.1560999118000796
PLCB3,ENSG00000149782,1.3811654965780444
PLCB4,ENSG00000101333,7.6411796995352965
PLCD1,ENSG00000187091,1.9517268097515328
PLCD3,ENSG00000161714,1.9045224474794897
PLCD4,ENSG00000115556,3.48437569726856
PLCE1,ENSG00000138193,5.194577681815411
PLCG1,ENSG00000124181,2.9203876401729474
PLCG2,ENSG00000197943,2.9555356203279914
PLCH1,ENSG00000114805,6.901946509098518
PLCH2,ENSG00000149527,3.1552777932452583
PLCL1,ENSG00000115896,9.919735588051985
PLCXD2,ENSG00000240891,4.095276890631177
PLCZ1,ENSG00000139151,10.20425546679
PLD2,ENSG00000129219,1.6262764269903607
PMM1,ENSG00000100417,1.9361855386753581
PMM2,ENSG00000140650,2.2467121091943185
PMVK,ENSG00000163344,2.040245225322024
PNMT,ENSG00000141744,2.069082787377309
PNP,ENSG00000198805,2.0508633051392273
PPA1,ENSG00000180817,3.5498216427597487
PPA2,ENSG00000138777,2.5058809747884583
PPAT,ENSG00000128059,1.8046639475619133
PPCDC,ENSG00000138621,2.715629241333417
PPCS,ENSG00000127125,2.2145342964161325
PPOX,ENSG00000143224,2.0377219596010625
PRDX3,ENSG00000165672,2.6078673970007644
PRKN,ENSG00000185345,7.670818683767839
PRODH,ENSG00000100033,3.803684769936687
PRODH2,ENSG00000250799,7.2401188472974125
PRPS1,ENSG00000147224,2.0242102494566048
PRPS1L1,ENSG00000229937,19.304551137574133
PRPS2,ENSG00000101911,2.061679368921851
PSAT1,ENSG00000135069,2.468686525056086
PSMA1,ENSG00000129084,3.1490974328036736
PSMA2,ENSG00000106588,2.8709130143686745
PSMA3,ENSG00000100567,2.7917711458070498
PSMA4,ENSG00000041357,3.6822244076228796
PSMA5,ENSG00000143106,2.5936458749882836
PSMA7,ENSG00000101182,5.239596475687299
PSMA8,ENSG00000154611,2.3466399947839873
PSMB1,ENSG00000008018,3.947254489857777
PSMB10,ENSG00000205220,2.776048949758321
PSMB11,ENSG00000222028,3.3931621495614785
PSMB2,ENSG00000126067,2.816541987602718
PSMB3,ENSG00000277791,3.4236904294805397
PSMB4,ENSG00000159377,2.522342306700437
PSMB5,ENSG00000100804,3.4083095455793124
PSMB6,ENSG00000142507,3.274215410048729
PSMB7,ENSG00000136930,3.2136221892936008
PSMB8,ENSG00000204264,3.155891611899832
PSMB9,ENSG00000240065,3.810132834495253
PSMD1,ENSG00000173692,2.6780609311885293
PSMD10,ENSG00000101843,1.708763325368136
PSMD11,ENSG00000108671,2.3435359640662305
PSMD12,ENSG00000197170,2.3339740431794924
PSMD13,ENSG00000185627,2.353047416440614
PSMD14,ENSG00000115233,2.4566084332037637
PSMD2,ENSG00000175166,2.419729651085134
PSMD4,ENSG00000159352,2.6494721309162896
PSMD5,ENSG00000095261,2.5468667145930746
PSMD6,ENSG00000163636,2.2787901384342426
PSMD7,ENSG00000103035,2.6500191276440392
PSMD8,ENSG00000099341,3.1186085752494423
PSMD9,ENSG00000110801,2.0452342398820633
PSMG1,ENSG00000183527,1.875448725343259
PSMG2,ENSG00000128789,2.530722593779588
PSMG3,ENSG00000157778,1.7745022061362463
PSMG4,ENSG00000180822,2.1744779589644314
PSPH,ENSG00000146733,1.7590486030422954
PTDSS1,ENSG00000156471,2.2311912959674243
PTDSS2,ENSG00000174915,1.9662858843926445
PTGR3,ENSG00000180011,2.317378786188402
PTGS1,ENSG00000095303,1.9705391743191358
PTGS2,ENSG00000073756,3.2182271150330526
PTPMT1,ENSG00000110536,1.8624535823475792
PYCR1,ENSG00000183010,1.6688445329620505
PYCR3,ENSG00000104524,1.5812077599554029
PYGB,ENSG00000100994,2.430147243173529
PYGL,ENSG00000100504,2.0227576420216775
PYGM,ENSG00000068976,2.3942504426505975
QDPR,ENSG00000151552,2.4009764002575746
QPRT,ENSG00000103485,3.126807479558167
RAB6B,ENSG00000154917,3.7466992074751975
RAB8B,ENSG00000166128,2.998396259342034
RENBP,ENSG00000102032,1.9099685703399936
RFK,ENSG00000135002,1.9256588228280622
RNF5,ENSG00000204308,2.1637095428616187
RPE,ENSG00000197713,1.8034042736897398
RPIA,ENSG00000153574,2.154795713404013
RRBP1,ENSG00000125844,2.820174659131937
RRM1,ENSG00000167325,2.2640378925703595
RRM2,ENSG00000171848,2.771005069416872
RRM2B,ENSG00000048392,2.1095084171794904
SARDH,ENSG00000123453,2.1216724431717635
SCD,ENSG00000099194,4.062386975572908
SCD5,ENSG00000145284,7.964808065391711
SCP2,ENSG00000116171,2.91101604845224
SDHA,ENSG00000073578,2.2748616377600666
SDHB,ENSG00000117118,2.312465270525341
SDHC,ENSG00000143252,2.544715052722446
SDHD,ENSG00000204370,2.1754788900149618
SDS,ENSG00000135094,5.547864746674891
SDSL,ENSG00000139410,1.4295316279770764
SEC11A,ENSG00000140612,3.4916071202603782
SEC11C,ENSG00000166562,2.695591529490334
SEC61A1,ENSG00000058262,2.1901871953213905
SEC61B,ENSG00000106803,4.4960649632300385
SEC61G,ENSG00000132432,4.272664632322686
SEC62,ENSG00000008952,4.130394680395778
SEC63,ENSG00000025796,2.907178780308959
SEL1L,ENSG00000071537,2.609973633491739
SELENOS,ENSG00000131871,2.684530244976077
SERP1,ENSG00000120742,4.496082459901332
SGMS1,ENSG00000198964,4.674369591528508
SHMT1,ENSG00000176974,1.847315846696878
SI,ENSG00000090402,7.6055028761303145
SIAH1,ENSG00000196470,2.240527275695947
SIAH2,ENSG00000181788,2.489935924823677
SIL1,ENSG00000120725,2.6914210167787087
SKP1,ENSG00000113558,5.62894363913963
SLC16A1,ENSG00000155380,2.452682249773481
SLC16A3,ENSG00000141526,2.3941453744062597
SLC16A7,ENSG00000118596,3.6111953997746666
SLC25A1,ENSG00000100075,1.9934515572975748
SLC25A10,ENSG00000183048,1.2983001510100698
SLC25A11,ENSG00000108528,1.9729079821234963
SLC25A12,ENSG00000115840,4.4244015661384255
SLC25A13,ENSG00000004864,2.7485649421282576
SLC25A15,ENSG00000102743,1.9840141900003367
SLC25A16,ENSG00000122912,2.846247020240238
SLC25A18,ENSG00000182902,2.8672727648087712
SLC25A2,ENSG00000120329,2.355647266553601
SLC25A20,ENSG00000178537,2.1274613520470154
SLC25A21,ENSG00000183032,5.4805867510857595
SLC25A22,ENSG00000177542,1.8381825122889512
SLC25A3,ENSG00000075415,5.258911993081254
SLC25A4,ENSG00000151729,3.476278028243143
SLC25A5,ENSG00000005022,5.05802521809077
SLC25A6,ENSG00000169100,8.686896740635897
SLC27A2,ENSG00000140284,2.47482550733562
SLC27A5,ENSG00000083807,1.7888324825970388
SLC37A1,ENSG00000160190,2.5201870710643757
SLC37A4,ENSG00000137700,1.4263372629818416
SOAT1,ENSG00000057252,2.8205828270824655
SOAT2,ENSG00000167780,2.7692937571933043
SORD,ENSG00000140263,1.4322424179392224
SPCS1,ENSG00000114902,3.6262720939806
SPCS2,ENSG00000118363,3.2186176180182713
SPCS3,ENSG00000129128,2.559643078669533
SPTLC1,ENSG00000090054,2.081640341632198
SPTLC2,ENSG00000100596,2.687193433491855
SPTLC3,ENSG00000172296,2.319803496681991
SQLE,ENSG00000104549,3.1391598346405876
SRM,ENSG00000116649,2.641152586390032
SRP14,ENSG00000140319,8.115350824456819
SRP19,ENSG00000153037,2.231787047526495
SRP54,ENSG00000100883,2.3857535935103105
SRP68,ENSG00000167881,1.8918589874414022
SRP72,ENSG00000174780,2.6439845517932374
SRPRA,ENSG00000182934,2.267999221151776
SRPRB,ENSG00000144867,1.9984824959901857
SSR1,ENSG00000124783,2.6806212295246548
SSR2,ENSG00000163479,4.419822015339844
SSR3,ENSG00000114850,2.9213184547840645
SSR4,ENSG00000180879,4.899133515844798
ST3GAL1,ENSG00000008513,2.990860477235038
ST3GAL2,ENSG00000157350,2.838154951667788
ST3GAL3,ENSG00000126091,5.7367920929819585
ST3GAL4,ENSG00000110080,2.750943348900236
ST6GAL1,ENSG00000073849,4.202347011651525
STT3A,ENSG00000134910,2.069259166714537
STT3B,ENSG00000163527,2.8532464317261956
STX11,ENSG00000135604,2.553999989999139
STX12,ENSG00000117758,2.652450898790126
STX16,ENSG00000124222,2.424111391217669
STX19,ENSG00000178750,2.65694177555179
STX1B,ENSG00000099365,4.580707022941318
STX4,ENSG00000103496,2.08993278175943
STX6,ENSG00000135823,2.5381437522048826
STX7,ENSG00000079950,2.766250855861776
SUCLA2,ENSG00000136143,2.2786364339139187
SUCLG1,ENSG00000163541,2.464886311745933
SUCLG2,ENSG00000172340,2.499631675640676
SUOX,ENSG00000139531,1.7467706069983884
SYVN1,ENSG00000162298,2.3051666216683726
TALDO1,ENSG00000177156,3.4623393437739005
TAT,ENSG00000198650,22.937025860053676
TBXAS1,ENSG00000059377,2.7327717800572624
TDO2,ENSG00000151790,10.229633224674178
TKT,ENSG00000163931,3.867631965696835
TKTL1,ENSG00000007350,4.146513308649344
TKTL2,ENSG00000151005,27.596622039810285
TM7SF2,ENSG00000149809,3.0482124571867453
TNNI3K,ENSG00000116783,5.414297552557457
TP53,ENSG00000141510,1.896353946084924
TPH1,ENSG00000129167,2.456918712144349
TPH2,ENSG00000139287,2.2111402448757658
TPI1,ENSG00000111669,7.494867535248242
TRAPPC1,ENSG00000170043,3.075542002010667
TRAPPC3,ENSG00000054116,2.1362303453526317
TRAPPC4,ENSG00000196655,2.0926098364817523
TRAPPC5,ENSG00000181029,1.966972144069814
TRAPPC6A,ENSG00000007255,2.1743312236428065
TRAPPC6B,ENSG00000182400,2.366544331131408
TUSC3,ENSG00000104723,4.423596455857635
TXNRD1,ENSG00000198431,3.141069897209386
TYMS,ENSG00000176890,3.1244519610061205
TYR,ENSG00000077498,3.221621693451744
UAP1,ENSG00000117143,2.104441977624014
UAP1L1,ENSG00000197355,1.7139493903560314
UBA1,ENSG00000130985,2.6749749028516354
UBA5,ENSG00000081307,2.0776346780959845
UBA7,ENSG00000182179,2.113058425601257
UBE2D3,ENSG00000109332,4.660334014871074
UBE2E2,ENSG00000182247,5.6596227586426044
UBE2G1,ENSG00000132388,2.6837362126405115
UBE2G2,ENSG00000184787,2.4306045329638075
UBE2J2,ENSG00000160087,2.0438894975747286
UBE4B,ENSG00000130939,4.045050109617888
UEVLD,ENSG00000151116,2.607611020039854
UFD1,ENSG00000070010,2.169836597123537
UGCG,ENSG00000148154,3.062192978954446
UGDH,ENSG00000109814,2.2432574121736097
UGGT1,ENSG00000136731,2.7950897114947963
UGP2,ENSG00000169764,2.884299370520465
UMPS,ENSG00000114491,1.7708129976752562
UPB1,ENSG00000100024,2.8006716306651773
UQCR10,ENSG00000184076,4.484160966941662
UQCR11,ENSG00000127540,5.096858847216784
UQCRB,ENSG00000156467,7.850451910987536
UQCRC1,ENSG00000010256,2.61144054239861
UQCRC2,ENSG00000140740,2.821503581375376
UQCRFS1,ENSG00000169021,2.8568588509334614
UQCRH,ENSG00000173660,5.8695905853986625
UQCRQ,ENSG00000164405,4.82939489820999
UROC1,ENSG00000159650,3.988820063650422
UROD,ENSG00000126088,2.4821406531363253
UROS,ENSG00000188690,2.2571726021599194
VCP,ENSG00000165280,2.8360054166368096
XDH,ENSG00000158125,2.148276358694972
XYLB,ENSG00000093217,3.6708918498630987
