symbol,ensembl_id,geneformer_threshold,nicheformer_threshold,sccellfie_threshold
A4GALT,ENSG00000128274,2.0046535599554747,2.326754502683758,2.7434222500947496
AACS,ENSG00000081760,2.2760303784288314,1.719378090723645,1.6870621573402567
AADAT,ENSG00000109576,3.138243034946872,1.8261031829691117,1.6705899342381512
AASS,ENSG00000008311,3.4920045601793643,2.851553583754075,3.1092747595559014
ABAT,ENSG00000183044,4.805038730449241,2.2005218251853607,2.5550576262433062
ABCD1,ENSG00000101986,1.7959225401078531,2.608796807867776,1.6970985230794344
ABCD3,ENSG00000117528,2.855758339751705,2.2977338012319937,2.352989056414956
ACAA1,ENSG00000060971,2.175383198214221,2.300336584568329,1.999946416570543
ACAA2,ENSG00000167315,2.0913989084608526,2.655138661857416,2.6144833332436406
ACACA,ENSG00000278540,2.222663850324864,3.6529465724172456,3.2594388850621576
ACACB,ENSG00000076555,4.098952917878642,4.919478684549516,3.91221
ACAD10,ENSG00000111271,3.067234755497277,1.731570539710794,1.9850568916365257
ACAD11,ENSG00000240303,3.925403124120438,1.7532579805130435,1.9702096713117867
ACAD8,ENSG00000151498,1.874673159280036,3.2122613942322027,1.4414440331077045
ACAD9,ENSG00000177646,1.9646803297086528,1.6371033810378337,1.6351436761761944
ACADL,ENSG00000115361,3.251126143321642,3.019142048976933,2.480963843721042
ACADM,ENSG00000117054,2.420553350204309,2.4655256080272765,2.220126192570024
ACADS,ENSG00000122971,1.817134529693016,2.497761575761785,1.9775229069743263
ACADSB,ENSG00000196177,3.049712816308632,1.917730387293692,1.8722071062901375
ACAT1,ENSG00000075239,2.443803051236963,2.6358895264980258,2.2107916581144833
ACAT2,ENSG00000120437,2.482868602813296,3.0475105925874435,2.547781640558476
ACMSD,ENSG00000153086,5.650080918476588,2.118650849166376,1.7656305358003577
ACO1,ENSG00000122729,2.141127241423016,2.215277080334894,1.9085011411590693
ACO2,ENSG00000100412,2.2674653725416154,2.6719700663689983,2.2235999707343996
ACOX1,ENSG00000161533,2.323721158419574,2.3083822252982142,2.042783059672172
ACOX2,ENSG00000168306,1.9300696855140456,2.291088842731148,1.992215947150877
ACSBG2,ENSG00000130377,12.585757844197442,1.3911482420901315,1.6557412597786587
ACSL1,ENSG00000151726,3.498539792196301,3.583029466075588,3.1572943391829957
ACSL3,ENSG00000123983,3.316367255053865,3.135733833934494,3.144003586910509
ACSL4,ENSG00000068366,3.3314495900964483,2.7442884571936883,2.970790453405676
ACSL5,ENSG00000197142,2.104935594877695,2.950727828476914,2.513344718889304
ACSL6,ENSG00000164398,3.455326416229215,2.1435872862497742,2.439771317727822
ADH1A,ENSG00000187758,10.172968991994038,2.0258222575242897,3.91221
ADH1B,ENSG00000196616,15.868968047747137,6.336903230541568,3.91221
ADH1C,ENSG00000248144,13.020968519870587,7.846619152563438,3.91221
ADH4,ENSG00000198099,9.721897019337906,2.82669453712461,3.91221
ADH5,ENSG00000197894,2.511948529371983,3.249895399179793,2.5043280474864886
ADH6,ENSG00000172955,5.595227592261166,2.3880682699500886,3.91221
ADH7,ENSG00000196344,2.826657087282337,15.149750118211395,3.91221
ADHFE1,ENSG00000147576,3.110675000127901,2.963947598280942,2.0278320041262745
ADK,ENSG00000156110,4.672755373710219,4.353295806410239,3.91221
ADSL,ENSG00000239900,1.9321510167375773,2.047702397992282,1.993685453382946
ADSS1,ENSG00000185100,1.9220834320942697,2.211174779292178,1.6577186896043756
ADSS2,ENSG00000035687,2.274266553239991,2.308624529563575,1.9129478593194869
AFMID,ENSG00000183077,2.1447382511921416,1.9379046954828525,2.0645633439741706
AGA,ENSG00000038002,1.892188218789432,2.105271683878199,1.8872172543923211
AGL,ENSG00000162688,2.8743502760076365,2.159425298470273,2.2485022706270255
AGPAT1,ENSG00000204310,1.7631909527075178,1.7760993679759844,1.4080430548010117
AGPAT2,ENSG00000169692,1.969777144220913,2.8230086072930884,2.290017451052594
AGPAT3,ENSG00000160216,2.9685260406562537,2.462260543379305,2.399751568342806
AGPAT4,ENSG00000026652,4.606181351778536,3.036760627523297,3.492419988662003
AGPAT5,ENSG00000155189,2.934811121390651,2.212951051885915,2.4288259496521394
AGXT,ENSG00000172482,15.233997641714756,6.899230517652567,3.91221
AHCY,ENSG00000101444,2.046556484262351,2.1461192645007645,2.164438181656884
AHCYL1,ENSG00000168710,2.4999264784598783,2.4449217808750228,2.543864010257977
AK1,ENSG00000106992,2.0482737766944887,2.411467731527356,2.2067728440140355
AK2,ENSG00000004455,2.1182865954791814,2.583406551314533,2.1684674592175903
AK5,ENSG00000154027,4.490439161782708,4.665716659461038,3.91221
AK7,ENSG00000140057,2.6079663679374803,1.714032332763601,1.5242346648898593
AKR1A1,ENSG00000117448,2.558553262527264,3.954140458845024,2.7765079131102057
AKR1B1,ENSG00000085662,2.5306958464002225,3.134951837347829,2.882899931078142
AKR1C4,ENSG00000198610,12.685869431559512,1.709706064844608,3.91221
AKR1D1,ENSG00000122787,3.66704391590413,3.057877181696332,3.068657890211379
AKR7A2,ENSG00000053371,2.0290704641843225,2.286010853207854,2.0776881827962264
ALAD,ENSG00000148218,2.155011585949272,2.196149827307899,1.8606873789316432
ALAS1,ENSG00000023330,2.125156493617085,2.428679881714899,2.444796609582863
ALAS2,ENSG00000158578,15.296353729110322,5.304826508954621,3.91221
ALDH18A1,ENSG00000059573,1.9705990393577573,1.7092483564309269,1.758369471621007
ALDH1A1,ENSG00000165092,4.092927207819942,4.678129844445368,3.91221
ALDH1A2,ENSG00000128918,4.327032895414436,3.238643375221084,3.73387691954131
ALDH1A3,ENSG00000184254,3.862055003981959,4.020058117920736,3.91221
ALDH1B1,ENSG00000137124,1.4570442676888895,3.3380072908478318,2.119561871018919
ALDH1L1,ENSG00000144908,4.239590186364617,2.8220948953326137,3.516455675486224
ALDH1L2,ENSG00000136010,3.1337740420451112,1.4426392742207583,1.4365916689383746
ALDH2,ENSG00000111275,3.4671091365806097,3.517574879403212,3.052985019722677
ALDH3A1,ENSG00000108602,11.051658865034629,5.358832001112674,3.91221
ALDH3A2,ENSG00000072210,2.7708348047976203,2.0218541214812267,2.4688775856714065
ALDH3B1,ENSG00000006534,1.7322299360258242,2.5130125717659064,2.475249412477459
ALDH3B2,ENSG00000132746,1.3385614154558192,1.845728348053255,1.7146154629939614
ALDH4A1,ENSG00000159423,1.6236531253418818,1.6474303272539377,1.9352394594435578
ALDH5A1,ENSG00000112294,2.562417282340957,8.210791688478656,1.4917220659221062
ALDH6A1,ENSG00000119711,2.412733302585897,2.434322121078384,2.242677263140333
ALDH7A1,ENSG00000164904,2.6394009132560727,2.4344961009278285,2.545560403373503
ALDH9A1,ENSG00000143149,2.211023613872065,2.210407136134866,2.2939713014227685
ALDOA,ENSG00000149925,6.228438898476751,6.757330021696781,3.91221
ALDOB,ENSG00000136872,28.348394982704896,11.731544337124916,3.91221
ALDOC,ENSG00000109107,3.307865355945318,3.669746195626271,2.7669094012815507
AMACR,ENSG00000242110,2.0697138109581705,2.444305663108624,1.4641631045105505
AMD1,ENSG00000123505,2.721053399204193,2.82739654596204,2.719651864345341
AMDHD1,ENSG00000139344,5.446295330581973,1.9629769093887324,3.4825777355924346
AMT,ENSG00000145020,2.0740636439312685,1.5700868651053403,1.5249817078913128
AMY1A,ENSG00000237763,1.3390462897290811,2.027214772381797,1.993772549500513
AMY1B,ENSG00000174876,1.3792825301907252,1.8455190934855887,1.6796830952407118
AMY1C,ENSG00000187733,1.1300150434998548,0.8690836889997767,1.6671247580238047
AMY2A,ENSG00000243480,2.7208485202053736,9.256871105854064,3.91221
AMY2B,ENSG00000240038,3.3890295565866846,1.6562480535602295,1.7351501819158504
AOC1,ENSG00000002726,3.969852828440808,2.257539023881203,3.91221
AOC2,ENSG00000131480,1.9655206441711708,1.1071372216995876,0.9364195297716217
AOC3,ENSG00000131471,3.577173134369171,3.806715959944549,3.8662423869410687
AP1B1,ENSG00000100280,2.16683265419794,2.287241897046614,2.046748633255782
AP1G1,ENSG00000166747,3.0297326952021564,2.3901108237137736,2.4565934606251956
AP1M1,ENSG00000072958,2.487036739836772,2.0872019545188505,1.8453231712842333
AP1S1,ENSG00000106367,1.867261474729928,2.492468986208264,1.8172208416449005
AP1S2,ENSG00000182287,3.2731178973292607,3.7836567140885897,3.349559742516917
AP3B2,ENSG00000103723,4.644538289498527,1.957408136796166,2.30085710995907
AP3D1,ENSG00000065000,2.2508496873952235,2.17793576819776,2.122736049336974
AP3M1,ENSG00000185009,2.1189985298765137,1.8786096255593787,1.8422575822719267
AP3M2,ENSG00000070718,2.670181705819497,1.9562203047391025,1.9255630395079
AP3S2,ENSG00000157823,2.228674545010365,1.765825296182877,1.8618172309502872
APRT,ENSG00000198931,3.910303568827915,4.460570994926476,3.821791179438891
AQP8,ENSG00000103375,16.356094270812793,5.1922379506854,3.91221
AQP9,ENSG00000103569,2.6895594090408337,3.1049603856365304,2.842396815560553
ARF1,ENSG00000143761,3.838360117844913,4.258242815356293,3.5567338785770435
ARG1,ENSG00000118520,9.532430694253922,3.128588205567207,3.593414911607881
ARG2,ENSG00000081181,2.7859904445903583,2.1395708544040444,1.9239657606456666
ASL,ENSG00000126522,1.9439564247939585,2.0848182244164275,1.7665385789519543
ASNS,ENSG00000070669,2.4706015951613547,1.9897500022255088,1.7315284600007743
ASPG,ENSG00000166183,2.636286236777169,2.210914567714185,2.101903763592569
ASRGL1,ENSG00000162174,2.561439102882124,2.3795246666746026,2.2967759042343574
ASS1,ENSG00000130707,3.698979605222611,5.256749265169553,3.421591500164965
ATIC,ENSG00000138363,1.99539622808782,2.6725846732243284,1.7582159982796064
ATP5F1A,ENSG00000152234,5.225655176251927,5.0598588009488,3.3996686428464056
ATP5F1B,ENSG00000110955,4.60396004251348,5.68324597228363,3.686426361066351
ATP5F1C,ENSG00000165629,3.5460241175450897,4.165971663312166,2.910198896906014
ATP5F1D,ENSG00000099624,4.323176874356523,5.343711491168106,3.6085526488564414
ATP5F1E,ENSG00000124172,12.407476440147438,12.144474245523291,3.91221
ATP5MC1,ENSG00000159199,3.227812033362504,3.3227949834156174,2.7897437320864937
ATP5MC2,ENSG00000135390,7.760494611163986,7.889668191591075,3.91221
ATP5MC3,ENSG00000154518,5.146117316440521,5.5199324571403015,3.91221
ATP5ME,ENSG00000169020,4.453332895673598,5.182834673526579,3.91221
ATP5MF,ENSG00000241468,4.364865525313534,5.942017514001187,3.91221
ATP5MG,ENSG00000167283,8.16814988984913,6.948466249887493,3.91221
ATP5MGL,ENSG00000249222,2.005780583745914,3.633238297265701,1.9218810933399046
ATP5PB,ENSG00000116459,3.179659673585726,4.366072956614056,2.8446210503420097
ATP5PD,ENSG00000167863,3.291754313335896,4.649054024094128,3.052753274097512
ATP5PF,ENSG00000154723,4.566839265107691,5.4781197760286044,3.8099858192650373
ATP5PO,ENSG00000241837,4.580107872663978,5.107744969038564,3.687514023238011
ATXN3,ENSG00000066427,2.6122062021933203,2.195455552344784,2.365945884888768
AUH,ENSG00000148090,3.642410375988536,2.7645420044485998,2.9753021719473165
B3GALNT1,ENSG00000169255,2.647891894739412,1.7125936369525838,1.7746117113162156
B3GALT1,ENSG00000172318,4.724366086128747,3.71256820633134,3.91221
B3GALT2,ENSG00000162630,4.770136941275673,1.8843586477420773,2.0799331370419103
B3GALT5,ENSG00000183778,3.6630615515385214,1.792711339134209,1.6624935587012848
B3GNT2,ENSG00000170340,2.135665625956115,2.0480561353916675,1.8941303160895915
B3GNT3,ENSG00000179913,1.3208448194154678,2.09659992164559,1.7134053901714386
B3GNT4,ENSG00000176383,2.5184977574367897,0.9433270047125772,0.9078518298578174
B3GNT6,ENSG00000198488,2.119839422071962,1.0955725101754443,1.3379036545163616
B3GNT7,ENSG00000156966,2.6353432740187044,2.5593683888197463,2.5165083265675303
B3GNT8,ENSG00000177191,1.3938987502310864,1.777974648096368,1.8627325767170664
B3GNTL1,ENSG00000175711,2.1334854399435863,1.5056758529139018,1.4125020210634942
B4GALT1,ENSG00000086062,3.339547486453743,3.7242230606292632,3.5119823691303735
B4GALT2,ENSG00000117411,2.056806877116977,1.6001719446836975,1.8348968390549203
B4GALT3,ENSG00000158850,1.859896171201416,2.0447444107262363,1.9780752154422612
B4GALT5,ENSG00000158470,3.6516365248956446,2.512174619821649,2.7265359888605194
B4GAT1,ENSG00000174684,2.605553425784531,1.9327726733927937,1.8532125148168654
BAAT,ENSG00000136881,9.877510241044282,1.4119135985733018,1.5938773319342283
BAG6,ENSG00000204463,2.33363942911674,2.2942727676300074,1.9303923301184676
BCAP31,ENSG00000185825,2.752687314987221,3.780564477205898,2.6256926780140746
BCAT1,ENSG00000060982,2.5110657626922226,2.4159284782777743,2.5974565068413655
BCAT2,ENSG00000105552,1.859634847371068,1.8523431721976191,1.8208560067435848
BCKDHA,ENSG00000248098,1.4348467233011726,2.0287339616047904,1.527520295523603
BCKDHB,ENSG00000083123,4.263820881732295,2.60522900527908,3.0485467855395996
BDH1,ENSG00000161267,2.6841535794650184,1.947721158603053,1.8074824330006627
BLVRA,ENSG00000106605,2.2357388314319446,3.3291993315739643,2.125369733839369
BLVRB,ENSG00000090013,4.697454451433933,3.840836752637072,3.91221
BPGM,ENSG00000172331,2.151976571777995,2.739307091601596,2.207641231547901
C1GALT1,ENSG00000106392,2.485366655295324,2.225880655835452,2.261096754059495
C1GALT1C1,ENSG00000171155,1.7410100334509075,2.018664445432514,1.7225846177669528
CA1,ENSG00000133742,9.022361948785903,4.62448202966659,3.6370416906801073
CA12,ENSG00000074410,5.818033052381648,3.9652809569569034,3.91221
CA13,ENSG00000185015,2.463427953244731,1.6484558244060894,1.4715054446072318
CA14,ENSG00000118298,2.387260267705363,2.0810595330617345,2.4857723829611142
CA2,ENSG00000104267,4.234057158947551,5.914894305676754,3.91221
CA3,ENSG00000164879,4.265166379523607,5.0588652457922985,2.0040447522293405
CA4,ENSG00000167434,10.182021708679065,4.2583005511639005,3.512748690020872
CA5A,ENSG00000174990,2.068128736348705,1.4310499470332962,2.1896000735328687
CA5B,ENSG00000169239,2.695630860930517,2.32773803629656,2.1250527142458826
CA6,ENSG00000131686,2.3554083507330303,6.8168202863710015,3.91221
CA7,ENSG00000168748,3.036241563168795,1.2438838675378674,0.9865258886155202
CA9,ENSG00000107159,2.611527945257321,2.424081372369953,2.520150043140435
CAD,ENSG00000084774,1.8751795209803896,1.725396462640822,1.693872333907306
CALM1,ENSG00000198668,7.558175919129559,10.475083100503532,3.91221
CALR,ENSG00000179218,5.299264540691113,5.761078248180386,3.91221
CANX,ENSG00000127022,3.4782380609712527,3.688383224452007,3.461269988417565
CAT,ENSG00000121691,2.798161821560301,3.0544217116131955,2.929452358156466
CBS,ENSG00000160200,3.597244944137585,2.873282833522845,3.91221
CDIPT,ENSG00000103502,2.0098437298369705,2.0460372217416705,1.971762054789848
CDO1,ENSG00000129596,2.6279214378533555,2.946432065316082,1.9345431017012749
CEL,ENSG00000170835,12.200823141807785,5.49267617264406,3.91221
CERT1,ENSG00000113163,3.422083784852126,2.532801027469878,2.3603757706891075
CHST1,ENSG00000175264,3.394435099226642,1.8265255705528272,1.225364739848132
CHST2,ENSG00000175040,2.587687961953961,4.42800675772314,2.23719870983182
CHST3,ENSG00000122863,3.133402467015984,2.2785181212460985,2.8987594116206923
CHST4,ENSG00000140835,2.6830310479440787,1.991726096456246,1.5663173537069501
CHST5,ENSG00000135702,2.38000765664101,1.4831090316426985,0.857192
CHST6,ENSG00000183196,1.7708254136573494,2.511254510990492,1.7455108696211366
CLTA,ENSG00000122705,3.85428045502318,4.4619884159265695,3.2560118651282877
CLTB,ENSG00000175416,2.809489263400609,3.283938535189255,2.555356782021112
CLTC,ENSG00000141367,2.924659516672399,3.614519208857832,3.036995431995327
CMAS,ENSG00000111726,2.1582542573606838,2.190386970403007,1.8566092581586722
CMPK1,ENSG00000162368,2.7984641999179365,3.1210615328402347,2.5652638337694493
CNDP1,ENSG00000150656,11.527146944235744,4.024647231922109,3.91221
CNDP2,ENSG00000133313,2.2794773103671293,2.691381066435405,2.2554095065867332
COASY,ENSG00000068120,1.758803591719684,2.351721649039032,1.8787184064135594
COQ2,ENSG00000173085,1.5480251661175988,1.822433794520914,1.7239583542307484
COQ3,ENSG00000132423,1.498503224148989,1.7976283438882965,1.3789514318780458
COQ6,ENSG00000119723,1.9931793729362024,1.6333248622690568,1.4832901393590854
COQ7,ENSG00000167186,2.1399775933610985,2.4332546406946745,1.9433671917050543
COX1,ENSG00000198804,100.44699673183788,88.17938989274525,3.91221
COX2,ENSG00000198712,86.8935524562312,79.39604674735554,3.91221
COX3,ENSG00000198938,84.56510456484297,81.07904351859467,3.91221
COX4I1,ENSG00000131143,9.953127288792636,10.26085702255039,3.91221
COX4I2,ENSG00000131055,6.582554103751802,3.4111967693233844,3.91221
COX5A,ENSG00000178741,4.031318532123526,5.4721489256501314,3.433738966713774
COX5B,ENSG00000135940,5.581210213717518,6.067904879574374,3.91221
COX6A1,ENSG00000111775,4.950977864751759,6.925499692458907,3.91221
COX6A2,ENSG00000156885,23.065634118748115,2.8678872904968884,3.91221
COX6B1,ENSG00000126267,5.883222023027544,7.007550182831782,3.91221
COX6B2,ENSG00000160471,1.9433667613911616,2.5652769842650223,1.949556485032746
COX6C,ENSG00000164919,6.190398585724452,7.248311455636029,3.91221
COX7A1,ENSG00000161281,6.812282046681845,3.048905982677514,3.02450865989756
COX7A2,ENSG00000112695,6.083741130327066,6.921647071170494,3.91221
COX7A2L,ENSG00000115944,3.234578332111313,3.986776760360553,2.8632849415150092
COX7B,ENSG00000131174,4.942131064598273,5.208397813227068,3.91221
COX7B2,ENSG00000170516,16.610540130905047,2.1530721765879024,1.586498782663479
COX7C,ENSG00000127184,9.724441968854814,9.35643505190732,3.91221
COX8A,ENSG00000176340,5.017516772783429,7.651310374569624,3.91221
COX8C,ENSG00000187581,7.918152125233139,0.910887924146885,2.1655556452910303
CPOX,ENSG00000080819,2.340578195952409,1.9365942352863288,1.9354084728857817
CPS1,ENSG00000021826,3.333064675380053,4.454202933788317,3.91221
CPT1A,ENSG00000110090,2.3251237519515806,2.707619559663109,2.6466528746473217
CPT1B,ENSG00000205560,2.8099981230027526,1.4364965510711265,1.4237872202886694
CPT1C,ENSG00000169169,3.5044108821853683,1.5144623814854423,1.6807002874877937
CPT2,ENSG00000157184,1.758329049746767,2.123959793637346,1.9204952097389918
CRAT,ENSG00000095321,1.7242659233247668,1.773202466728384,1.6680633058381629
CRLS1,ENSG00000088766,1.924803180163953,1.9688496291906783,1.9129721285218375
CROT,ENSG00000005469,2.446397593116542,2.279629406966366,1.8762074114086051
CS,ENSG00000062485,2.087486832888513,2.0021581099971937,2.120619802730855
CTH,ENSG00000116761,2.271770646212135,2.0085779832394546,1.6343671697291784
CTPS1,ENSG00000171793,1.8857346962391464,1.7757905232460165,1.6687324225792461
CTPS2,ENSG00000047230,3.9475454848864624,2.114216771077653,2.7055886463423082
CTSA,ENSG00000064601,2.6071592392146,3.496286610550142,2.558981017981762
CUL1,ENSG00000055130,2.8076696400526164,2.6372676632287915,2.653596677761037
CYB5D1,ENSG00000182224,1.6643380016203295,1.476833161165636,1.458565431080051
CYC1,ENSG00000179091,2.915066663702531,3.519516830943929,2.7684733321301276
CYP27A1,ENSG00000135929,3.250096231636177,3.179388557376568,2.9080456883069066
CYP2E1,ENSG00000130649,12.604866042262172,3.1678418732829394,2.2489523938630933
CYP51A1,ENSG00000001630,3.204867402355354,2.1836949088185795,2.394929502938767
CYP7A1,ENSG00000167910,2.2662908269435924,1.5992307417184817,1.7085926984727178
CYTB,ENSG00000198727,55.02330604417293,58.65583994720854,3.91221
DAD1,ENSG00000129562,3.535269094506448,4.209209096249334,3.622107838969569
DBH,ENSG00000123454,14.514566412057915,1.4139785195673191,3.91221
DBT,ENSG00000137992,2.579913011053596,1.6572751086557134,1.880046954598861
DCXR,ENSG00000169738,2.6879421521897378,3.0500362997493875,2.867117347667558
DDC,ENSG00000132437,6.087439609266563,3.4594292054328326,3.91221
DDOST,ENSG00000244038,2.667199060087872,2.939281654226408,2.6578291244776326
DECR2,ENSG00000242612,1.53684018248702,1.79678233580988,1.8057585357750616
DEGS1,ENSG00000143753,2.3514565218294448,2.3732223205911804,2.3052783701564223
DEGS2,ENSG00000168350,2.0898483046375143,2.6256805213212093,1.6853101814256073
DERL1,ENSG00000136986,2.132816782123201,2.441104554062361,2.115924433520654
DERL3,ENSG00000099958,2.426334686904495,6.310626110060514,3.633900835197564
DGAT1,ENSG00000185000,2.008835157206456,2.3783420647434945,1.5523785263797918
DGAT2,ENSG00000062282,2.099269102314193,3.1857974821539847,1.5583399691630702
DGKA,ENSG00000065357,2.6436972131350114,2.41311416320812,2.2752178598225528
DGKB,ENSG00000136267,8.585822163242476,8.906918090458163,3.91221
DGKD,ENSG00000077044,3.182120960889724,3.5493671610171083,3.0671190938884414
DGKE,ENSG00000153933,2.843348241640977,2.0571785664695708,2.1667843788446475
DGKG,ENSG00000058866,5.6314855323637785,4.509584478163289,3.91221
DGKH,ENSG00000102780,5.62307720198744,2.9907631697798736,3.91221
DGKI,ENSG00000157680,8.230725643918674,7.09468420254897,3.91221
DGKQ,ENSG00000145214,2.159555714433043,1.4447062369796877,1.1990431003113806
DGKZ,ENSG00000149091,2.4039930819439657,2.377706899044393,2.2191310856742357
DHFR,ENSG00000228716,1.8695279401799547,3.0156375516515004,2.8087297671240865
DHODH,ENSG00000102967,1.623118989713096,1.7883907801143035,1.6404384614291836
DLAT,ENSG00000150768,1.951521860459432,1.7679774917677271,1.332115836453441
DLD,ENSG00000091140,2.156256053853744,2.609570173706476,1.963936567809452
DLST,ENSG00000119689,1.9638220056537627,2.1718710230695137,1.8249498927611332
DMAC2L,ENSG00000125375,2.1969677483462093,1.9067995934462416,1.6161971136461568
DNAJC1,ENSG00000136770,3.238276083363379,3.233152570697077,3.488733524003058
DPM2,ENSG00000136908,1.8174984254193784,2.1645579190170654,1.8910661050726465
DPYD,ENSG00000188641,6.079737413687629,6.742647698753073,3.91221
DPYS,ENSG00000147647,7.031228435513908,1.924130213838608,2.113533046789791
DPYSL2,ENSG00000092964,5.744899779813999,4.578015513011767,3.91221
DPYSL3,ENSG00000113657,7.92895626541964,4.247188127696275,3.91221
DTYMK,ENSG00000168393,2.083795358698325,2.707864794879869,2.0981994859421937
ECHS1,ENSG00000127884,2.471768944863623,2.758124094412709,2.4873591573776914
ECI2,ENSG00000198721,2.244239921158186,2.3572979097480697,2.3350900517442796
EDEM1,ENSG00000134109,2.087579539848861,2.0482248001285166,1.7083021866296186
EDEM2,ENSG00000088298,1.928142928574735,2.100113964762849,2.0452842623310623
EDEM3,ENSG00000116406,2.799603746953579,2.051743812706477,2.2276481142382036
EHHADH,ENSG00000113790,2.79280976930872,2.681263276747233,2.2407389299386384
ELOVL2,ENSG00000197977,5.626813315977617,2.568303543445562,3.7630796518530905
ELOVL4,ENSG00000118402,4.262770288267284,2.090509261786012,2.1701137067895355
ELOVL5,ENSG00000012660,2.791914801982072,2.9250759676323,3.1219081884326942
ELOVL6,ENSG00000170522,4.630866809318317,2.742697884120329,3.0136125758712646
ENO1,ENSG00000074800,6.457088924451119,6.03761724571813,3.91221
ENO2,ENSG00000111674,5.443676469344362,3.234634865264288,2.817197708735195
ENO3,ENSG00000108515,3.2084807074158657,1.862756975439368,3.8056861683899563
ERO1A,ENSG00000197930,2.4530532367886058,2.427680820540706,1.9714565414137937
ERO1B,ENSG00000086619,2.856916779135604,2.24894984970302,1.9516812041381721
ETFA,ENSG00000140374,2.4154979233604754,2.8357754700285405,2.535141800915451
ETFB,ENSG00000105379,2.590938899410508,3.60727289048466,2.7611872251687033
ETFDH,ENSG00000171503,2.489307433978257,2.1521110791817804,2.1228694110923696
EXOC2,ENSG00000112685,3.605438531637685,2.338269923795248,2.6868625522874545
EXOC3,ENSG00000180104,2.05554258435309,2.032495895513581,1.7786360846470157
EXOC4,ENSG00000131558,7.533715488376587,5.855228329773937,3.91221
EXOC5,ENSG00000070367,2.7280933984578843,2.2309047431507065,2.3139633810530262
EXOC6B,ENSG00000144036,10.36310896265962,6.526120424845768,3.91221
EXOC7,ENSG00000182473,2.373608960679233,2.1370675330047346,2.109427420589997
EXOC8,ENSG00000116903,2.1211862338216005,1.583703786858773,1.7039052817612734
FABP1,ENSG00000163586,49.612604427529554,28.07929995851594,3.91221
FADS1,ENSG00000149485,2.516131720918357,2.284346942256664,2.6363466503898483
FADS2,ENSG00000134824,3.9316626628128186,2.0786700663171365,3.5915562957677336
FAH,ENSG00000103876,1.512719418950695,2.2234632426158885,1.938613530407973
FASN,ENSG00000169710,2.199114692622774,2.3867476573007904,2.505138464521482
FBP1,ENSG00000165140,3.4614471445619808,5.15095165342334,3.91221
FBP2,ENSG00000130957,2.436228058706242,2.4406317769010286,1.586027512452442
FBXO2,ENSG00000116661,2.5660843914570464,1.8880454685660173,1.5786209169276464
FCSK,ENSG00000157353,2.1580228835748785,1.4662157139548797,1.1953557369852283
FDFT1,ENSG00000079459,3.009427386071465,3.212659951037109,3.0786895182411125
FECH,ENSG00000066926,2.391846192412584,1.930057633840176,1.6604844057401966
FH,ENSG00000091483,1.9031414310867765,2.1030624724557647,1.8236373336400526
FLAD1,ENSG00000160688,1.8370183217275744,1.9988134901217196,1.7512755675560057
FPGT,ENSG00000254685,2.0478005271802866,1.5427740314111582,1.5509829258139038
FTCD,ENSG00000160282,8.532841649230841,1.894063179338272,2.1120934383109313
FUCA1,ENSG00000179163,2.042017881441648,2.671782201286098,2.0331627320178614
FUT8,ENSG00000033170,5.273872972100429,4.082090597493323,3.91221
G6PC1,ENSG00000131482,3.8393458924417754,4.46633138557031,3.91221
G6PC2,ENSG00000152254,2.856913278245764,5.062984412350383,3.91221
G6PC3,ENSG00000141349,1.6396140841664542,1.9892609645220984,2.0268751307740147
G6PD,ENSG00000160211,1.8735393113982053,2.548803411057317,2.1260306639819704
GAD1,ENSG00000128683,6.311930722649147,3.268600035943939,3.91221
GAD2,ENSG00000136750,6.506914624483225,5.05882794853905,3.91221
GALE,ENSG00000117308,1.5706995575631792,1.929104216768576,1.706982162401845
GALK1,ENSG00000108479,1.581960716627161,2.258984178858831,1.9112608671172437
GALK2,ENSG00000156958,2.99994236194258,2.2895703069016378,2.3556849359577354
GALNS,ENSG00000141012,1.850570559294227,1.5853039335530417,1.619505679590302
GALNT1,ENSG00000141429,3.006222387477665,2.3799832559063168,2.7619522419558655
GALNT10,ENSG00000164574,3.45622460375703,2.4216140667250463,3.2517266503690463
GALNT11,ENSG00000178234,3.036175761011052,2.52852454083154,2.735849309283504
GALNT12,ENSG00000119514,1.60926126310974,1.873311885033614,1.5635258101657643
GALNT13,ENSG00000144278,9.79972752079502,5.816582008702416,3.91221
GALNT14,ENSG00000158089,5.046697106431115,2.1662304336939395,2.8192942865666453
GALNT15,ENSG00000131386,6.293180104852838,2.547724528186465,3.0899926437616805
GALNT17,ENSG00000185274,10.757778576662638,6.098540631995998,3.91221
GALNT2,ENSG00000143641,3.2467249903746147,2.7314669749845986,3.0680301086019752
GALNT3,ENSG00000115339,2.3258897616022725,2.139959613693028,1.9679272444164855
GALNT4,ENSG00000257594,1.3246668792207676,2.2960281400950757,1.8401215381576035
GALNT5,ENSG00000136542,1.6568957076074038,2.6617505616982173,2.617112117334768
GALNT6,ENSG00000139629,1.8788965325388995,2.3603290977474884,2.2432760064277675
GALNT7,ENSG00000109586,3.2085992201761897,2.661829438423716,2.8178627136474708
GALNT8,ENSG00000130035,4.965480336574219,1.6521894725820336,1.8797657825488017
GALNT9,ENSG00000182870,3.7128577199960073,1.3604623022212847,1.1476406905560443
GALT,ENSG00000213930,2.0209137013719087,2.0458889311881165,1.5485842339408895
GAMT,ENSG00000130005,2.0750895883822755,2.254854167305114,2.0084277373522204
GANAB,ENSG00000089597,1.9993586357820377,2.0662025526568883,2.1505733228559416
GAPDH,ENSG00000111640,20.045450745942382,19.492601856825846,3.91221
GAPDHS,ENSG00000105679,3.132312712619955,2.2763910698305097,1.5785544001626883
GART,ENSG00000159131,2.231398007380007,2.0509961708644,2.0640822159744707
GATM,ENSG00000171766,4.993718576784148,4.113492058025662,3.479789252433177
GBE1,ENSG00000114480,2.9330434088548545,3.629962505043751,3.3722117677559384
GBF1,ENSG00000107862,4.216890992399528,2.754401074582725,3.1707110305643096
GCAT,ENSG00000100116,1.3431807127482154,1.7560280147814589,1.3969624095453954
GCDH,ENSG00000105607,1.872600353607975,2.0764631832096057,1.8754536683229126
GCK,ENSG00000106633,2.3352630831148224,1.2853457329210212,1.2847387398867445
GCLC,ENSG00000001084,2.4156348393662945,2.285357380038727,2.0730570960987293
GCLM,ENSG00000023909,2.38569195382168,2.4136856315840234,2.154404005085902
GCNT1,ENSG00000187210,2.020568477907044,2.3320551546293995,1.8470726437807279
GCNT3,ENSG00000140297,2.365173856752308,2.43515111298308,2.4181294477099153
GCNT4,ENSG00000176928,2.2863231007325164,1.2536225542785624,1.1378472803979045
GCSH,ENSG00000140905,2.01785715335249,2.5149690830956324,2.0081536429025895
GDA,ENSG00000119125,3.4726797304477133,4.519216040679001,2.024809057446054
GET1,ENSG00000182093,2.565168580215217,2.1097805619744543,1.7671881368751154
GET3,ENSG00000198356,2.079275594164859,2.248683314920318,1.9876446566875468
GFPT1,ENSG00000198380,2.912290789671612,2.2728629618774208,2.444008206543675
GFPT2,ENSG00000131459,2.94124107050456,1.7741468041611397,2.019890090613219
GGA1,ENSG00000100083,2.3836974929096635,2.3306646578369823,2.101146057235821
GGA2,ENSG00000103365,2.717043880940152,2.710825333543293,2.6383356876353936
GGA3,ENSG00000125447,2.3178883012343943,1.7433512601690588,1.746678642564197
GGPS1,ENSG00000152904,2.4586499464385883,1.944573645661598,2.4033724131438916
GK,ENSG00000198814,3.19823846732845,2.913367401478085,2.130515557941222
GK2,ENSG00000196475,35.93516824938767,10.94102043955328,1.8373570716561967
GLB1,ENSG00000170266,2.114828105288192,2.109917673699796,1.976257270387229
GLDC,ENSG00000178445,3.909974639582787,1.7996710676689656,2.2880925064427395
GLS,ENSG00000115419,3.2267097004398644,4.201563138032126,3.91221
GLS2,ENSG00000135423,3.2318664208066927,2.909127328556094,1.3882665579418836
GLUD1,ENSG00000148672,2.7287495404933733,2.746756527892631,2.8323793341938894
GLUD2,ENSG00000182890,2.026882453748465,4.482212257902835,0.857192
GLUL,ENSG00000135821,5.048631664703325,6.357943923028702,3.91221
GMPPA,ENSG00000144591,1.5532793494997912,1.8225918187975425,1.7469391835684245
GMPPB,ENSG00000173540,1.5625656210677776,2.0700215739095333,1.7531919259335431
GMPS,ENSG00000163655,2.398200532472711,2.222585672682426,2.103701671381216
GNE,ENSG00000159921,2.794018743354892,1.9916125099282045,1.9367183716252778
GNMT,ENSG00000124713,6.731826163949112,4.768597502182326,1.3469422569088703
GNPDA1,ENSG00000113552,1.8806019686810944,2.247138631392282,1.741914188934323
GNPDA2,ENSG00000163281,2.3829092764595607,2.0046479677004982,1.6764455356101584
GNPNAT1,ENSG00000100522,1.8462231105854223,1.7878788915424049,1.6462496245601235
GOT1,ENSG00000120053,2.193726447796135,2.442941158074139,1.929335166493252
GOT2,ENSG00000125166,2.014529259406241,2.027658659368778,1.8600991580473691
GPAA1,ENSG00000197858,2.1347720231149694,2.183070355370035,1.8739393540437799
GPAM,ENSG00000119927,3.3745463681908547,2.0942575135757715,3.1176915225321506
GPAT4,ENSG00000158669,2.241234410704609,1.9819076231620143,1.5421237969567445
GPD1,ENSG00000167588,3.050506619677355,3.8847198971887744,2.6093379776743784
GPI,ENSG00000105220,2.637586302881338,3.3868490530223747,3.012915631982501
GPT,ENSG00000167701,4.100326201585713,1.9465557305688443,2.0994363868447845
GPT2,ENSG00000166123,2.3183003502555355,1.6881330191204296,1.6951538772864583
GPX1,ENSG00000233276,6.667964841639505,10.510656334926816,3.91221
GPX4,ENSG00000167468,5.58453642428775,6.420050954999018,3.91221
GRHPR,ENSG00000137106,2.156563914155194,2.4268811289972176,2.1988755918128713
GSR,ENSG00000104687,2.45061261021213,2.597345483522163,1.8633698267615857
GSS,ENSG00000100983,1.7787739739308297,1.901213431482126,1.7352147537298186
GSTZ1,ENSG00000100577,1.4420801360971025,3.1263317556321426,1.5545939590443947
GUK1,ENSG00000143774,4.46238426081482,4.7745785950202135,3.8634041018320366
GYG1,ENSG00000163754,2.2512884367476818,2.3133925617148745,2.0824984812857665
GYG2,ENSG00000056998,2.874573028297223,1.7505939117575418,2.0911268811430803
GYS1,ENSG00000104812,2.481931488745345,1.7844249598485504,1.8903702071558102
GYS2,ENSG00000111713,4.875231120168,1.1911753723673904,1.5715158747191285
HAAO,ENSG00000162882,1.8209825631546104,2.03313571969745,1.866352645450287
HADH,ENSG00000138796,2.037058585742926,2.518011955544872,1.9552296165418435
HADHA,ENSG00000084754,2.7745644625451003,2.8531776304396232,2.795538381659235
HADHB,ENSG00000138029,2.55674619556883,2.6397739286184305,2.6760110292564847
HAL,ENSG00000084110,3.545320670774349,2.8212666276727365,3.91221
HDC,ENSG00000140287,4.075861692635399,6.67527497982569,3.91221
HEXA,ENSG00000213614,2.4079926616620546,2.9469052511849863,2.1677086705569684
HEXB,ENSG00000049860,2.388586330635704,7.8353342772685775,2.11979471625946
HGD,ENSG00000113924,5.472514383662016,3.210128144579753,3.5405912196655462
HIBADH,ENSG00000106049,2.670030075787319,2.6102354241770844,2.745087263250071
HIBCH,ENSG00000198130,3.5008850181790927,3.0472630374642344,3.3162200199486915
HK1,ENSG00000156515,2.588616958298237,2.885146927876875,2.5644601463898065
HK2,ENSG00000159399,1.9209323405733791,3.662082434522775,2.8827414580773785
HK3,ENSG00000160883,1.8919969481613004,2.283686439148766,2.3605177455976585
HKDC1,ENSG00000156510,2.9717790932323864,4.8035186807446815,3.91221
HMBS,ENSG00000256269,2.2094220271670446,2.26890815888389,2.733182996063128
HMGCL,ENSG00000117305,1.9264649189205167,2.117115170566073,1.9420907764641488
HMGCLL1,ENSG00000146151,5.442219672363473,1.9545538128948612,2.3049273198311133
HMGCR,ENSG00000113161,3.583314571312392,2.474509216416956,2.7243145584894872
HMGCS2,ENSG00000134240,9.223063653122956,6.087392753824048,3.91221
HMOX1,ENSG00000100292,3.4304029642278477,6.662832924523511,3.91221
HMOX2,ENSG00000103415,2.3914157945693826,2.3632772799749127,2.0594572907545956
HPD,ENSG00000158104,13.842986995465877,3.39301955056317,3.91221
HPRT1,ENSG00000165704,2.3977548042729424,2.6412522205450686,2.13767318880767
HSD17B10,ENSG00000072506,2.2460041493433445,3.077235575864093,2.287536467529852
HSD17B4,ENSG00000133835,2.577801021031944,3.152201822716508,2.52199949179445
HSD3B7,ENSG00000099377,1.5264507145268995,2.030162002035054,1.7963656804552166
HSP90B1,ENSG00000166598,5.399051709776347,6.392196094025277,3.91221
HSPA5,ENSG00000044574,4.740131539692456,6.287140716341621,3.91221
HYOU1,ENSG00000149428,2.0306478417405875,2.069367472219452,1.5346789081581713
IDH1,ENSG00000138413,2.5516551375691843,2.6625487488709765,2.7062532654466005
IDH2,ENSG00000182054,3.1599491504565704,3.1829583334455784,2.8534227318904213
IDH3A,ENSG00000166411,2.1246188370191774,2.1924548522469367,1.7253230575192942
IDH3B,ENSG00000101365,2.1677399840111367,2.595552250178468,2.2062423744747877
IDH3G,ENSG00000067829,2.050640430144365,2.499132730723081,1.987884703008665
IDI1,ENSG00000067064,2.94795050283008,3.1338103481153445,2.978316841389062
IDI2,ENSG00000148377,2.466096218977909,1.321585252450912,1.628199843885006
IDO1,ENSG00000131203,2.838675170383296,5.401456231977831,3.91221
IDO2,ENSG00000188676,1.8960521470736027,2.4278292328797995,2.1555550368471876
IMPA1,ENSG00000133731,2.0115649259164807,1.9896515325394144,1.5782859260211317
IMPA2,ENSG00000141401,1.714879378022858,2.2820918660845257,2.336334391504831
IMPDH1,ENSG00000106348,2.1017549983095343,2.1088220361644794,1.9896426304652894
IMPDH2,ENSG00000178035,2.8686847042130044,3.209329469782344,2.91741307887591
ISYNA1,ENSG00000105655,2.7749495355896854,2.850008822409939,3.573577560450366
ITPA,ENSG00000125877,2.049208665621589,2.274083402503451,2.073695518314982
IVD,ENSG00000128928,2.370644448065605,1.9689526391498429,1.9961079748542323
KDSR,ENSG00000119537,2.2870424931577977,2.131139297612476,2.351498642543611
KHK,ENSG00000138030,2.6369361136357634,3.280969848199272,2.278924958324977
KMO,ENSG00000117009,2.422979508057332,2.723178205822967,2.3560994988165955
KYAT1,ENSG00000171097,3.016166052690959,1.7121780358785288,1.3501035291040793
KYNU,ENSG00000115919,2.800909909986623,4.157082928434095,3.91221
LALBA,ENSG00000167531,1.9121039459190616,56.639683341322645,3.91221
LDHA,ENSG00000134333,5.6096704534544175,6.968372323196579,3.91221
LDHAL6A,ENSG00000166800,2.55404905766895,1.28039191372396,1.261032834911492
LDHAL6B,ENSG00000171989,7.772864990442596,1.423733423354568,1.3236219233062103
LDHB,ENSG00000111716,7.3257427372748785,6.95088097246042,3.91221
LDHC,ENSG00000166796,39.93195827019856,1.7880064904013246,1.779023289839123
LDHD,ENSG00000166816,1.9078801408811847,2.4816914216751726,1.7710145482974358
LGSN,ENSG00000146166,1.8170151847886529,1.5181177582493552,1.4017354618895517
LHPP,ENSG00000107902,2.488981741154208,3.2884272125794887,1.8078826964458603
LIPA,ENSG00000107798,3.211035191260566,3.1804690891878127,3.084195239130528
LSS,ENSG00000160285,3.442369388242183,2.1302016398957284,2.480975407108309
MAN1A1,ENSG00000111885,4.227016408603839,3.6986788717307375,3.91221
MAN1A2,ENSG00000198162,3.204420200073116,3.15183964934397,3.509378762834984
MAN1B1,ENSG00000177239,1.9321704976085656,2.7724923134909525,1.7402500054037184
MAN1C1,ENSG00000117643,3.4816041089191523,2.2810102511735653,2.4142024696146596
MAN2A2,ENSG00000196547,2.6014899186839617,1.8191816869745443,1.7746007546565086
MAN2B1,ENSG00000104774,2.0434550500520645,2.943784225221093,2.1660573598791704
MANBA,ENSG00000109323,2.7356625457774624,2.727574814287994,2.510895672440114
MAOA,ENSG00000189221,2.933103473341588,2.718926789493512,2.9002312413335267
MAOB,ENSG00000069535,4.618272906334134,2.1089720519190327,1.8578069776318624
MARCHF6,ENSG00000145495,3.999013711148299,3.1980049090780174,2.886055496378297
MAT1A,ENSG00000151224,24.40109307717048,7.3513535825012255,3.91221
MAT2A,ENSG00000168906,2.2892321516486627,3.538649764005641,2.409912888091144
MAT2B,ENSG00000038274,2.397543412827489,2.743714678037437,2.3100577726299254
MBOAT2,ENSG00000143797,5.745848140357758,3.085897287004181,3.81541170154591
MCCC1,ENSG00000078070,2.8941640595422373,6.681031792624503,2.2928500453236986
MCCC2,ENSG00000131844,2.187283358310066,1.9664955306849587,1.8814478157591392
MDH1,ENSG00000014641,2.85589041274672,4.121298300585096,2.8551003556498937
MDH1B,ENSG00000138400,3.052054424862324,1.1323380630293367,0.9715737008469054
MDH2,ENSG00000146701,3.0841179875913074,3.928004660242409,2.6382785500703863
ME1,ENSG00000065833,3.3696410611806904,2.7155894864890278,2.6014499226493206
ME2,ENSG00000082212,2.649940028241908,2.3065760569353047,2.3985326080990585
MGAM,ENSG00000257335,4.590473482125849,3.256023802251736,2.4422166718106055
MGAT1,ENSG00000131446,2.510613225838337,2.8054158279687518,2.578597968920651
MGAT2,ENSG00000168282,1.7993478965326462,2.1392237561509675,2.038613773504912
MGAT3,ENSG00000128268,3.919680809874672,1.5245255303962693,1.5633990216367026
MGAT4B,ENSG00000161013,1.8302688687051336,2.049981435435752,1.7992909181580574
MGAT4C,ENSG00000182050,16.251846126895657,8.134465178506018,3.91221
MGAT5,ENSG00000152127,5.713718149139179,3.878824340601791,3.91221
MIOX,ENSG00000100253,3.46685804816053,22.53389403648437,3.91221
MMUT,ENSG00000146085,2.244263480676276,1.6487109876121615,1.3861052015862418
MOGS,ENSG00000115275,1.950275063440796,1.7951535882735308,1.7750509795266733
MOXD1,ENSG00000079931,5.250359001622454,2.826566713963608,3.4092923966080964
MPI,ENSG00000178802,1.8174171301990216,1.7446035830129778,1.708454502725124
MSMO1,ENSG00000052802,3.584732538676315,3.316819900989993,3.6044885044781214
MTHFD1,ENSG00000100714,2.667422379155682,1.7414519696458528,1.6665964836957095
MTHFD1L,ENSG00000120254,3.885430188289487,3.102134693848984,3.0940316340849203
MTHFD2,ENSG00000065911,2.201696021624389,3.626945676324075,2.789086872089193
MTHFD2L,ENSG00000163738,2.3363833235015505,2.089859981580949,2.196064106105207
MTHFR,ENSG00000177000,2.406451240612413,1.937546895592272,1.9843699948237088
MTMR1,ENSG00000063601,3.5809848359332936,2.427461995100396,1.7358135534943793
MTMR2,ENSG00000087053,2.710599043924463,2.17669003494343,2.247230682425947
MVD,ENSG00000167508,2.351796186482262,2.17967094534748,1.997101854104684
MVK,ENSG00000110921,1.9515148410565843,1.692439472081331,1.736731251795484
NAMPT,ENSG00000105835,3.8560872910309736,5.584019576354563,3.91221
NAPA,ENSG00000105402,2.5521397444498457,2.7138573158803414,2.2061574363099687
NAPRT,ENSG00000147813,1.9533185739006933,2.268428451218946,2.0228483607749195
NCOA3,ENSG00000124151,3.293821485173063,3.2614946572467987,3.248333752287035
ND1,ENSG00000198888,37.37247610897184,38.46767460760496,3.91221
ND2,ENSG00000198763,46.028722177375045,30.66385774243277,3.91221
ND3,ENSG00000198840,46.19261784903773,38.99403494175429,3.91221
ND4,ENSG00000198886,63.27634127484132,41.94132538256364,3.91221
ND4L,ENSG00000212907,19.13812055575284,24.48137041730032,3.91221
ND5,ENSG00000198786,18.127108788503875,14.75071865542931,3.91221
ND6,ENSG00000198695,6.947054378191544,7.382809718331872,3.91221
NDUFA1,ENSG00000125356,4.182634787324854,4.479281859440717,3.91221
NDUFA10,ENSG00000130414,2.4411068079274965,2.797220621420829,2.5332325397821673
NDUFA11,ENSG00000174886,3.63980338748724,4.2096815604120845,3.3512570783243647
NDUFA12,ENSG00000184752,3.000600901090198,3.662885702938162,2.83260399422349
NDUFA13,ENSG00000186010,3.501252812545955,4.276364264452606,3.3361816883296243
NDUFA2,ENSG00000131495,3.065257175811776,4.451799456123018,2.993458626043413
NDUFA3,ENSG00000170906,3.278539672780304,4.080580030336678,3.0735420035485785
NDUFA4,ENSG00000189043,6.927101093609341,7.811117741884138,3.91221
NDUFA5,ENSG00000128609,2.8163235899808727,3.486407153648256,2.6160104869848206
NDUFA6,ENSG00000184983,3.160757220151174,4.205230485435054,2.890489381792648
NDUFA7,ENSG00000267855,1.85153074189924,4.256875652499633,1.8898402412382744
NDUFA8,ENSG00000119421,2.266079238213804,3.146720885782176,2.0915454709625156
NDUFA9,ENSG00000139180,2.149691607520532,2.713007102163279,2.125369350516254
NDUFAB1,ENSG00000004779,3.0323816086114976,3.7732157768342023,2.7965888607852976
NDUFB1,ENSG00000183648,3.605951390272552,3.727652373985569,3.390766625866259
NDUFB10,ENSG00000140990,3.3462630806950027,3.915629670385188,2.989746899356402
NDUFB11,ENSG00000147123,4.129150691384908,4.952367518235385,3.692942577127866
NDUFB2,ENSG00000090266,4.414229595046017,4.652736588267762,3.8412639017461183
NDUFB3,ENSG00000119013,2.7312581274411367,3.346972004945844,2.6651439145589544
NDUFB4,ENSG00000065518,3.581807099262888,7.0423768596081615,3.4834515212809065
NDUFB5,ENSG00000136521,2.62383012088772,3.812941614674401,2.4168939565266405
NDUFB6,ENSG00000165264,2.685371216938687,3.0309049562680954,2.5607904227263476
NDUFB7,ENSG00000099795,3.5442638369737787,4.061424793947397,3.2867978540768386
NDUFB8,ENSG00000166136,3.5093046590761903,3.898043515424375,2.8606116353479494
NDUFB9,ENSG00000147684,3.6764295315389313,4.7073189422150765,3.4361470824816336
NDUFC1,ENSG00000109390,2.973187852781076,3.846758915674021,3.0778497258843447
NDUFC2,ENSG00000151366,3.372802719365168,4.083128870844868,3.3151361242564326
NDUFS1,ENSG00000023228,3.04762615427197,2.617920938689337,2.73280016253566
NDUFS2,ENSG00000158864,2.335801148921496,2.895445243459478,2.2919183112133354
NDUFS3,ENSG00000213619,2.38744101091753,3.004610302880432,2.2106792817962426
NDUFS4,ENSG00000164258,2.782191659968128,2.946651600410773,2.637393626824103
NDUFS5,ENSG00000168653,4.91548745263904,5.354324230051014,3.91221
NDUFS6,ENSG00000145494,3.357803886738839,4.108112576016186,2.9094279751103236
NDUFS7,ENSG00000115286,2.7741767227818697,3.431771591724495,2.5461890611826252
NDUFS8,ENSG00000110717,2.942867430660717,3.189428974421863,2.6456719052253272
NDUFV1,ENSG00000167792,2.541039081337008,2.7967390654098927,2.385841378111657
NDUFV2,ENSG00000178127,2.824642081781065,3.631340938344039,2.8444298446714757
NDUFV3,ENSG00000160194,2.4051881931840136,3.175027117886924,2.1035448259852165
NEU1,ENSG00000204386,1.956239699442216,2.8068204359996054,2.169640809363313
NGLY1,ENSG00000151092,2.57378374332159,2.1968802119884656,2.298500927964259
NIT2,ENSG00000114021,1.9154779671612483,2.015465661395841,1.6971809347934044
NME1,ENSG00000239672,3.399544971731751,4.306063826275376,2.823584601683523
NME2,ENSG00000243678,3.462035127868312,4.8378159924293085,3.91221
NME3,ENSG00000103024,2.4537235303764438,2.6027309819217037,2.319906045039199
NME4,ENSG00000103202,3.0841425515284797,2.566577245927223,2.3266662460521537
NME6,ENSG00000172113,1.850309749249418,1.9203242851415765,1.728895246443871
NME7,ENSG00000143156,3.5491796902805666,2.704860422201325,3.2665867468795127
NMNAT2,ENSG00000157064,9.28211523712686,3.971847039749111,3.91221
NMNAT3,ENSG00000163864,4.019625485156457,1.9882102462617228,1.9881733112019568
NNT,ENSG00000112992,2.9547694435862377,3.339673200672798,2.6269994534268832
NOS3,ENSG00000164867,2.028912805097283,2.550603389668713,2.6521233865103984
NPLOC4,ENSG00000182446,2.513750159524671,2.1649820417541483,2.101425450566997
NSDHL,ENSG00000147383,1.4730429295048584,1.8104680870835723,1.406248076214528
NSF,ENSG00000073969,2.4535578668483478,2.955832401102764,3.044641603299795
OAT,ENSG00000065154,2.50089333467528,2.991703482062275,2.3834645212092256
ODC1,ENSG00000115758,2.9292399634652,4.014993229375316,3.0536164808441923
OGDH,ENSG00000105953,2.90697697844151,2.6006921472209394,2.5465672307218896
OLAH,ENSG00000152463,3.186675698950525,1.8547093522837348,3.91221
OS9,ENSG00000135506,2.6309974123185715,2.7610862640527585,2.6038171659650726
OTC,ENSG00000036473,3.278850158248942,6.268145471642476,2.1064626257711954
OTUB1,ENSG00000167770,2.426514295381509,2.572806930603114,2.285242637445394
P4HB,ENSG00000185624,3.604295206798358,3.94026383812741,3.888803430499415
PAH,ENSG00000171759,11.572726509517487,3.0888414215703164,3.7703724558688263
PAICS,ENSG00000128050,2.390704047450793,3.5399990715382192,2.3324918820343057
PANK1,ENSG00000152782,2.8746422821169517,1.8544172910701933,1.5359250203276813
PANK2,ENSG00000125779,2.084776884614324,2.09772492828659,1.9066087345741944
PANK3,ENSG00000120137,2.980337080359849,2.1052940353461147,2.285222331262071
PANK4,ENSG00000157881,2.024111386047266,1.545118215894037,1.4664014995898564
PAPSS1,ENSG00000138801,2.643323672404156,2.408326737462798,2.5650255968152837
PAPSS2,ENSG00000198682,6.487956657045954,3.50682417778355,3.91221
PC,ENSG00000173599,3.41079115378718,2.146385653123213,1.9209334760013248
PCK1,ENSG00000124253,17.21096196494455,12.033233531897,3.91221
PCK2,ENSG00000100889,1.672454100703706,2.4274590716829527,2.1771919552822476
PDHA1,ENSG00000131828,2.022776451289761,2.420589843633058,1.9339534516165648
PDHA2,ENSG00000163114,34.74461883782276,2.163388044850297,3.91221
PDHB,ENSG00000168291,2.157378882589612,2.291705709358405,2.1439815323764995
PDHX,ENSG00000110435,2.410084323870788,2.2175975776638066,2.110048262791216
PDXK,ENSG00000160209,2.4131644087478565,2.536985878263953,2.0413849956987553
PFAS,ENSG00000178921,1.7614472568142705,1.8614233520620809,1.4772091529401217
PFKL,ENSG00000141959,2.172750671494896,2.523391436267037,2.1360895068644816
PFKM,ENSG00000152556,2.3224138916379515,1.842567760775485,1.7773913167309086
PFKP,ENSG00000067057,2.45357246671628,2.572168967770451,2.3088895672630763
PGAM1,ENSG00000171314,3.4290512265511315,4.62941650773877,3.0272161773606228
PGAM2,ENSG00000164708,11.910437380174605,3.0323396540595597,3.6778420776077247
PGAP1,ENSG00000197121,6.2473758737260585,3.295732651424301,3.709687382977523
PGD,ENSG00000142657,2.453725800413116,2.90191521372867,2.5299719545918835
PGK1,ENSG00000102144,4.181191851797586,4.562495638465873,3.6177185911580283
PGK2,ENSG00000170950,39.526247274047165,1.2406629287055104,3.91221
PGLS,ENSG00000130313,2.7154344869406417,3.4820494432423086,2.8574206032615024
PGM1,ENSG00000079739,1.9484257110965988,2.018228387805051,1.9210559134324696
PGM2,ENSG00000169299,1.7475151238133069,1.7964743122537266,1.8552417415952493
PGM3,ENSG00000013375,2.1138494895147955,2.052174191537788,1.8016922472076655
PGS1,ENSG00000087157,2.0407458626201755,2.0974899433622647,1.7222191409511156
PHGDH,ENSG00000092621,2.697437538425308,3.640916477800749,2.9026325967594095
PIGA,ENSG00000165195,1.924361097109749,1.6783324095040613,1.9215330033467493
PIGC,ENSG00000135845,2.0306633868751773,2.166822060421689,2.138054260898402
PIGH,ENSG00000100564,1.9955009505558976,1.9896832278238503,1.8716447954460966
PIGK,ENSG00000142892,2.3382503842607942,2.7899737706966707,1.9175937631996456
PIGL,ENSG00000108474,3.507620197459322,2.206917932777809,2.4932044619643263
PIGP,ENSG00000185808,1.959084320454192,2.341648481346205,1.9211851755804936
PIGQ,ENSG00000007541,2.05237242685264,1.650709334836497,1.6167133692815463
PIGS,ENSG00000087111,1.8546532345853688,1.7942802312555337,1.7353840528359583
PIGT,ENSG00000124155,2.162696055326628,2.337402540265272,2.1471575433666583
PIGU,ENSG00000101464,3.349802954199578,2.004440949780619,2.4303874272492254
PIGW,ENSG00000277161,1.3241672858805444,1.489017525523355,1.2623596139867002
PIPOX,ENSG00000179761,4.038083467615375,2.196086667401846,2.037006992382956
PKLR,ENSG00000143627,1.412590784164128,1.5697747138769147,1.3557107585807433
PKM,ENSG00000067225,5.384642310275338,6.19752856896701,3.91221
PLCB1,ENSG00000182621,12.21069068934598,14.284507264274334,3.91221
PLCB2,ENSG00000137841,2.15609991180008,2.4319235735983327,2.4193892371533967
PLCB3,ENSG00000149782,1.3811654965780444,1.9977637598485825,1.9094687310066307
PLCB4,ENSG00000101333,7.641179699535296,5.446138028603876,3.91221
PLCD1,ENSG00000187091,1.9517268097515328,1.947918780030056,2.1720416930979276
PLCD3,ENSG00000161714,1.9045224474794893,1.6894442131217235,1.822550028033444
PLCD4,ENSG00000115556,3.48437569726856,2.9793222685613463,2.7831943368537373
PLCE1,ENSG00000138193,5.194577681815411,3.5842824312571424,3.91221
PLCG1,ENSG00000124181,2.9203876401729474,2.074473823170746,2.1526399215364114
PLCG2,ENSG00000197943,2.955535620327991,5.694569275759368,3.91221
PLCH1,ENSG00000114805,6.901946509098518,4.052809930494723,3.91221
PLCH2,ENSG00000149527,3.1552777932452583,1.60923609130671,1.633502226490014
PLCL1,ENSG00000115896,9.919735588051983,8.586302809970551,3.91221
PLCXD2,ENSG00000240891,4.095276890631177,3.663129900292055,2.430975660974169
PLCZ1,ENSG00000139151,10.20425546679,1.2745433122976089,2.182403750137035
PLD2,ENSG00000129219,1.626276426990361,1.836384506501188,1.856967659866378
PMM1,ENSG00000100417,1.936185538675358,2.170103390851332,1.8166924289571817
PMM2,ENSG00000140650,2.2467121091943185,2.1739364923498306,1.8276664020979216
PMVK,ENSG00000163344,2.040245225322024,2.418542463919084,2.136434554684335
PNMT,ENSG00000141744,2.069082787377309,1.2777666911938397,1.6870014982982318
PNP,ENSG00000198805,2.0508633051392278,2.9588722482971352,3.187330849098089
PPA1,ENSG00000180817,3.5498216427597487,3.855835064167461,3.373831615547359
PPA2,ENSG00000138777,2.5058809747884583,2.6953424135958794,2.7376078460232067
PPAT,ENSG00000128059,1.8046639475619133,1.5646532908314323,1.552133899537679
PPCDC,ENSG00000138621,2.715629241333417,2.1135856902876995,2.759088870405241
PPCS,ENSG00000127125,2.2145342964161325,2.2887718210854446,2.187587406224424
PPOX,ENSG00000143224,2.0377219596010625,1.983019241534782,1.9815757618956213
PRDX3,ENSG00000165672,2.6078673970007644,2.78918721921013,2.7961763810440594
PRKN,ENSG00000185345,7.670818683767839,7.171484827252467,3.91221
PRODH,ENSG00000100033,3.803684769936687,2.1302772101960903,3.468395015240786
PRODH2,ENSG00000250799,7.240118847297412,2.994023942584856,3.91221
PRPS1,ENSG00000147224,2.0242102494566048,3.13340619340116,1.882701319875932
PRPS1L1,ENSG00000229937,19.304551137574133,0.7875262830139271,3.91221
PRPS2,ENSG00000101911,2.061679368921851,3.85429181100862,1.860505088887906
PSAT1,ENSG00000135069,2.468686525056086,2.662753318783688,2.3438243059826367
PSMA1,ENSG00000129084,3.1490974328036736,3.227504206827222,2.679784639508831
PSMA2,ENSG00000106588,2.8709130143686745,3.752199134912387,2.597343400347683
PSMA3,ENSG00000100567,2.7917711458070498,3.35909204907666,2.6183582893931265
PSMA4,ENSG00000041357,3.68222440762288,3.8704605169869897,3.051508126019312
PSMA5,ENSG00000143106,2.593645874988284,3.0616857511219564,2.3572265203507348
PSMA7,ENSG00000101182,5.239596475687299,5.880120587032318,3.91221
PSMA8,ENSG00000154611,2.3466399947839878,1.662453037208273,2.0525858597146254
PSMB1,ENSG00000008018,3.947254489857777,4.445182503911913,3.534780972797511
PSMB10,ENSG00000205220,2.776048949758321,3.535923360532089,3.047216138309996
PSMB11,ENSG00000222028,3.3931621495614785,1.5435615145775743,3.62574472132348
PSMB2,ENSG00000126067,2.816541987602718,3.3489777648201016,2.4801410640022867
PSMB3,ENSG00000277791,3.42369042948054,3.880606463821705,2.9787977300313417
PSMB4,ENSG00000159377,2.522342306700437,3.046730045615196,2.5280911607306153
PSMB5,ENSG00000100804,3.4083095455793124,3.794937155563383,2.804446411272708
PSMB6,ENSG00000142507,3.274215410048729,4.1811091960776166,3.1437899543933465
PSMB7,ENSG00000136930,3.2136221892936008,3.1696385566512477,2.7991580213560403
PSMB8,ENSG00000204264,3.155891611899832,4.401803044874976,3.2898084478897918
PSMB9,ENSG00000240065,3.810132834495253,5.15330914168343,3.91221
PSMD1,ENSG00000173692,2.6780609311885293,2.6938725442102744,2.7166467832480894
PSMD10,ENSG00000101843,1.708763325368136,2.122393290832513,1.9946057681717762
PSMD11,ENSG00000108671,2.3435359640662305,2.477692936662238,2.2290864522387603
PSMD12,ENSG00000197170,2.3339740431794924,2.5061855162061715,2.0862523647219686
PSMD13,ENSG00000185627,2.353047416440614,2.539861681029117,2.1705794845815127
PSMD14,ENSG00000115233,2.456608433203764,2.5054166433985943,2.3284489689092767
PSMD2,ENSG00000175166,2.419729651085134,2.9662815901284363,2.253906304679032
PSMD4,ENSG00000159352,2.6494721309162896,3.164907091051643,2.3416282497594607
PSMD5,ENSG00000095261,2.5468667145930746,1.958026604708152,2.061068342995205
PSMD6,ENSG00000163636,2.2787901384342426,2.4903517262229324,2.1495538735591797
PSMD7,ENSG00000103035,2.6500191276440392,3.1152952915866794,2.4144589603037723
PSMD8,ENSG00000099341,3.1186085752494423,3.479034335633719,2.9275214397117373
PSMD9,ENSG00000110801,2.0452342398820638,2.3982058507187314,2.0561521711255
PSMG1,ENSG00000183527,1.875448725343259,2.3386599513616297,1.6019757028903687
PSMG2,ENSG00000128789,2.530722593779588,2.439967066573618,2.337456717202297
PSMG3,ENSG00000157778,1.7745022061362463,2.0317892826526576,1.7507106698163728
PSMG4,ENSG00000180822,2.1744779589644314,2.1050706651677205,2.015084271751291
PSPH,ENSG00000146733,1.7590486030422954,1.688451304712287,1.5129437630018336
PTDSS1,ENSG00000156471,2.2311912959674243,1.9938493474634844,1.9446391933266878
PTDSS2,ENSG00000174915,1.9662858843926443,1.6438726589747423,1.4937065890176426
PTGR3,ENSG00000180011,2.317378786188402,1.6877242967129649,1.685896645824485
PTGS1,ENSG00000095303,1.970539174319136,3.479772929646263,3.278991741138981
PTGS2,ENSG00000073756,3.2182271150330526,4.158861661673863,3.91221
PTPMT1,ENSG00000110536,1.8624535823475792,2.093464180630928,1.9901962541443285
PYCR1,ENSG00000183010,1.6688445329620505,2.6607578120542383,2.0966871822541617
PYCR3,ENSG00000104524,1.5812077599554029,1.9656063205375252,1.1611393769960376
PYGB,ENSG00000100994,2.430147243173529,2.0725590243371057,1.8953101586757304
PYGL,ENSG00000100504,2.022757642021677,2.691941092934074,2.5933503060323453
PYGM,ENSG00000068976,2.394250442650597,1.773138327426124,2.509330930179785
QDPR,ENSG00000151552,2.400976400257574,2.860461198686127,2.6793529250365413
QPRT,ENSG00000103485,3.126807479558167,2.221000249773927,2.979249930598355
RAB6B,ENSG00000154917,3.7466992074751975,2.222274570216594,1.859773628414688
RAB8B,ENSG00000166128,2.998396259342034,2.7554461733852347,2.919089980104326
RENBP,ENSG00000102032,1.9099685703399936,2.9062780451828014,2.128143098039042
RFK,ENSG00000135002,1.9256588228280624,2.0439867936845397,1.6816730509902764
RNF5,ENSG00000204308,2.1637095428616187,2.675089407450788,2.1364807577776905
RPE,ENSG00000197713,1.80340427368974,1.6756102633522132,1.6066911694496575
RPIA,ENSG00000153574,2.154795713404013,2.227343304011171,1.8910453979820887
RRBP1,ENSG00000125844,2.820174659131937,4.3477765832008215,3.359270988043919
RRM1,ENSG00000167325,2.2640378925703595,2.2102444205291776,2.298283700668501
RRM2,ENSG00000171848,2.771005069416872,3.06034891973428,3.91221
RRM2B,ENSG00000048392,2.1095084171794904,2.646684563193361,1.6950367297335267
SARDH,ENSG00000123453,2.1216724431717635,1.5393995771613382,2.0226153410805536
SCD,ENSG00000099194,4.062386975572908,4.636579700208374,3.91221
SCD5,ENSG00000145284,7.964808065391711,3.9653264930180634,3.91221
SCP2,ENSG00000116171,2.91101604845224,3.413419549774712,2.771590619165875
SDHA,ENSG00000073578,2.2748616377600666,2.715241539529343,2.063493037902255
SDHB,ENSG00000117118,2.312465270525341,3.006547149528245,2.172506328303165
SDHC,ENSG00000143252,2.544715052722446,2.6689097213215223,2.192852533102314
SDHD,ENSG00000204370,2.1754788900149618,2.8210500188066265,2.2757501817846686
SDS,ENSG00000135094,5.547864746674891,2.624393491380631,3.91221
SDSL,ENSG00000139410,1.4295316279770764,1.6904043131175093,1.6495141726722795
SEC11A,ENSG00000140612,3.4916071202603782,3.5291026164701997,3.1951291029886173
SEC11C,ENSG00000166562,2.695591529490334,3.8355121547736553,2.643453485739394
SEC61A1,ENSG00000058262,2.1901871953213905,2.3596845451288253,2.3992268240526475
SEC61B,ENSG00000106803,4.496064963230039,5.159651522865708,3.91221
SEC61G,ENSG00000132432,4.272664632322686,6.342221140154662,3.91221
SEC62,ENSG00000008952,4.130394680395778,4.395143489318471,3.91221
SEC63,ENSG00000025796,2.907178780308959,2.6121406000622085,2.875673969193833
SEL1L,ENSG00000071537,2.609973633491739,2.289187233414745,2.308219151572279
SELENOS,ENSG00000131871,2.684530244976077,3.2700352400097445,2.6642736245033247
SERP1,ENSG00000120742,4.496082459901332,4.6546857099085015,3.91221
SGMS1,ENSG00000198964,4.674369591528508,3.597657828664477,3.91221
SHMT1,ENSG00000176974,1.847315846696878,2.073990171039926,2.0085754585153976
SI,ENSG00000090402,7.605502876130315,2.7749425232411515,3.91221
SIAH1,ENSG00000196470,2.240527275695947,2.0245569028396817,2.0773452302864364
SIAH2,ENSG00000181788,2.489935924823677,2.249866121750117,2.141810922818494
SIL1,ENSG00000120725,2.6914210167787087,2.6649591890781674,2.7515246356049325
SKP1,ENSG00000113558,5.62894363913963,6.263662783545072,3.91221
SLC16A1,ENSG00000155380,2.452682249773481,2.2603705506227034,2.574780516813679
SLC16A3,ENSG00000141526,2.39414537440626,3.113943572882417,2.680159176006125
SLC16A7,ENSG00000118596,3.611195399774666,2.8509626109789186,2.80408183836945
SLC25A1,ENSG00000100075,1.9934515572975748,2.338980972489659,1.742621626410136
SLC25A10,ENSG00000183048,1.2983001510100698,2.303361779832756,1.2332771101202844
SLC25A11,ENSG00000108528,1.9729079821234965,2.2649602884231474,2.015405393066693
SLC25A12,ENSG00000115840,4.4244015661384255,3.248922753419966,3.716304729989359
SLC25A13,ENSG00000004864,2.7485649421282576,3.243050457311896,3.0961494045744997
SLC25A15,ENSG00000102743,1.9840141900003367,1.8011424019062414,1.4316785572513222
SLC25A16,ENSG00000122912,2.846247020240238,1.977436334398797,2.0608233289455336
SLC25A18,ENSG00000182902,2.8672727648087712,3.632813094114489,3.2975198467366567
SLC25A2,ENSG00000120329,2.355647266553601,1.1407075488393763,1.169227386534667
SLC25A20,ENSG00000178537,2.127461352047016,2.221761970682028,2.123313651075757
SLC25A21,ENSG00000183032,5.48058675108576,2.0762933615094368,3.1160773739832854
SLC25A22,ENSG00000177542,1.8381825122889512,1.8330243147217784,1.4354418029303209
SLC25A3,ENSG00000075415,5.258911993081254,5.959935133415654,3.91221
SLC25A4,ENSG00000151729,3.476278028243143,4.804055210397371,2.544076076640768
SLC25A5,ENSG00000005022,5.05802521809077,6.518554839350696,3.91221
SLC25A6,ENSG00000169100,8.686896740635897,7.748135947417286,3.91221
SLC27A2,ENSG00000140284,2.47482550733562,4.603047095199848,1.8171409530398799
SLC27A5,ENSG00000083807,1.7888324825970388,1.5453553442905466,1.542488386294241
SLC37A1,ENSG00000160190,2.520187071064376,1.8521387690913544,1.7883641414853746
SLC37A4,ENSG00000137700,1.4263372629818416,2.2210559015572247,1.5529224066825187
SOAT1,ENSG00000057252,2.820582827082465,3.6019799670354637,3.0104336451823617
SOAT2,ENSG00000167780,2.7692937571933043,1.1605948600293583,2.709877562656402
SORD,ENSG00000140263,1.4322424179392224,2.3591305027652845,2.002479089430761
SPCS1,ENSG00000114902,3.6262720939806,4.148474897959218,3.2253581495241934
SPCS2,ENSG00000118363,3.2186176180182717,4.013240165732198,3.073239787428353
SPCS3,ENSG00000129128,2.559643078669533,2.7818930770761914,2.395746840786519
SPTLC1,ENSG00000090054,2.081640341632198,1.9145715568469563,1.827066824272231
SPTLC2,ENSG00000100596,2.687193433491855,2.649240020741677,2.706231709385086
SPTLC3,ENSG00000172296,2.319803496681991,2.2531915202946875,3.877659960752339
SQLE,ENSG00000104549,3.139159834640588,2.839930430975925,3.0396799944767783
SRM,ENSG00000116649,2.641152586390032,2.7153103571755284,2.3511211650615325
SRP14,ENSG00000140319,8.115350824456819,7.922953908386772,3.91221
SRP19,ENSG00000153037,2.231787047526495,2.6228956544454984,2.0135793351604327
SRP54,ENSG00000100883,2.3857535935103105,2.476910329834782,2.221059673983871
SRP68,ENSG00000167881,1.8918589874414025,1.9238273654988791,1.800309259754454
SRP72,ENSG00000174780,2.643984551793237,2.5992767462734427,2.417150098952859
SRPRA,ENSG00000182934,2.267999221151776,2.5858377785058098,2.0267052553792118
SRPRB,ENSG00000144867,1.9984824959901857,1.9804515272785892,1.9205505206539972
SSR1,ENSG00000124783,2.6806212295246548,2.7092140947334244,2.639192150668386
SSR2,ENSG00000163479,4.419822015339844,4.446210409951994,3.91221
SSR3,ENSG00000114850,2.9213184547840645,3.367024332286811,2.966374495701709
SSR4,ENSG00000180879,4.899133515844798,6.206237528552909,3.91221
ST3GAL1,ENSG00000008513,2.990860477235038,2.9384144190578128,3.1532336249212003
ST3GAL2,ENSG00000157350,2.838154951667788,1.9097485968353596,2.3377606111114817
ST3GAL3,ENSG00000126091,5.736792092981959,2.8892464185411475,3.91221
ST3GAL4,ENSG00000110080,2.750943348900236,2.351864913283115,2.422066120531854
ST6GAL1,ENSG00000073849,4.202347011651525,3.736927864985079,3.91221
STT3A,ENSG00000134910,2.069259166714537,2.130775241939322,2.1136617616932485
STT3B,ENSG00000163527,2.853246431726196,3.465113917769924,2.7823877567883537
STX11,ENSG00000135604,2.553999989999139,3.1848530534922816,2.980762803999344
STX12,ENSG00000117758,2.652450898790126,2.5405917238544657,2.4673739845459344
STX16,ENSG00000124222,2.424111391217669,2.272232046228825,2.3255870851181135
STX19,ENSG00000178750,2.65694177555179,1.6588453053740126,1.6357041883081924
STX1B,ENSG00000099365,4.580707022941318,2.6282831882018893,1.3986091511585914
STX4,ENSG00000103496,2.08993278175943,2.345577555001494,2.1137895033081064
STX6,ENSG00000135823,2.538143752204882,1.8496891012283296,2.0341481824661756
STX7,ENSG00000079950,2.766250855861776,2.747478019024458,2.686940593482712
SUCLA2,ENSG00000136143,2.2786364339139187,2.562917367652458,2.089912660381514
SUCLG1,ENSG00000163541,2.464886311745933,2.9075265106426973,2.3981582427284076
SUCLG2,ENSG00000172340,2.499631675640676,3.217693583357314,3.3916614402224425
SUOX,ENSG00000139531,1.7467706069983884,1.7648668231391802,1.5881210967564638
SYVN1,ENSG00000162298,2.3051666216683726,1.9565920721262875,2.049332219004034
TALDO1,ENSG00000177156,3.4623393437739005,4.324114764628282,3.3419457751565758
TAT,ENSG00000198650,22.93702586005368,10.061442234188714,3.91221
TBXAS1,ENSG00000059377,2.7327717800572624,4.636037780214469,3.91221
TDO2,ENSG00000151790,10.229633224674178,1.9217065570406144,1.9757051367837541
TKT,ENSG00000163931,3.867631965696835,4.614752601099142,3.406181849992514
TKTL1,ENSG00000007350,4.146513308649344,4.890701264905393,3.160322200202526
TKTL2,ENSG00000151005,27.596622039810285,1.3856031320604156,3.91221
TM7SF2,ENSG00000149809,3.0482124571867453,1.997186411013549,2.6703992072004583
TNNI3K,ENSG00000116783,5.414297552557457,1.997423746401349,1.907049078801199
TP53,ENSG00000141510,1.896353946084924,2.609589902326232,2.4540030398740886
TPH1,ENSG00000129167,2.456918712144349,2.7869387489995945,2.1344754376452437
TPH2,ENSG00000139287,2.2111402448757658,1.42543837887098,1.2213316012678088
TPI1,ENSG00000111669,7.494867535248242,6.588112786612423,3.91221
TRAPPC1,ENSG00000170043,3.075542002010667,3.782919063351639,3.1614854886242174
TRAPPC3,ENSG00000054116,2.136230345352632,2.6561470443924744,1.9613175341547877
TRAPPC4,ENSG00000196655,2.0926098364817523,2.560492811381496,1.8491283673048693
TRAPPC5,ENSG00000181029,1.966972144069814,2.532389288433449,2.081355842167159
TRAPPC6A,ENSG00000007255,2.1743312236428065,2.787744056515912,2.1938901038815444
TRAPPC6B,ENSG00000182400,2.366544331131408,2.2320456716421138,1.8097129244607266
TUSC3,ENSG00000104723,4.423596455857635,2.9786047483335016,3.4182248841244736
TXNRD1,ENSG00000198431,3.141069897209386,3.412470438300984,3.046800082920917
TYMS,ENSG00000176890,3.1244519610061205,3.3744673378083143,3.91221
TYR,ENSG00000077498,3.221621693451744,3.4133919331676474,3.91221
UAP1,ENSG00000117143,2.104441977624014,2.42755169056698,2.4674155008772978
UAP1L1,ENSG00000197355,1.7139493903560314,2.3350033864085664,1.5187815427921623
UBA1,ENSG00000130985,2.6749749028516354,2.3247765434494245,1.85745996216458
UBA5,ENSG00000081307,2.0776346780959845,1.9282337411831645,1.730894549714095
UBA7,ENSG00000182179,2.113058425601257,2.740086892787474,2.5052171198720052
UBE2D3,ENSG00000109332,4.660334014871074,4.549318336849335,3.91221
UBE2E2,ENSG00000182247,5.6596227586426044,5.847453767314269,3.91221
UBE2G1,ENSG00000132388,2.6837362126405115,2.503058622970389,2.550329709381184
UBE2G2,ENSG00000184787,2.4306045329638075,2.4025677096113136,1.9967986147201788
UBE2J2,ENSG00000160087,2.0438894975747286,2.250309985619974,1.90115393736697
UBE4B,ENSG00000130939,4.045050109617888,2.8435241934764863,3.274982322065795
UEVLD,ENSG00000151116,2.607611020039854,1.7668141518750469,1.989191531456875
UFD1,ENSG00000070010,2.169836597123537,2.524794378224266,2.017482161619159
UGCG,ENSG00000148154,3.062192978954446,2.5146511929140365,2.8482957697214286
UGDH,ENSG00000109814,2.2432574121736097,5.047730635999284,2.5247584849149867
UGGT1,ENSG00000136731,2.7950897114947963,1.9138190570538764,2.149265299319017
UGP2,ENSG00000169764,2.884299370520465,3.001416667434154,2.797228244926907
UMPS,ENSG00000114491,1.7708129976752562,1.828579962784467,1.626218509635997
UPB1,ENSG00000100024,2.8006716306651773,2.825806159869728,3.2239810626301493
UQCR10,ENSG00000184076,4.484160966941662,5.880615592703003,3.91221
UQCR11,ENSG00000127540,5.096858847216784,6.244981947873329,3.91221
UQCRB,ENSG00000156467,7.850451910987536,7.36536181019826,3.91221
UQCRC1,ENSG00000010256,2.61144054239861,3.1374380459988083,2.5272090777110083
UQCRC2,ENSG00000140740,2.821503581375376,3.065416586518085,2.549543609867029
UQCRFS1,ENSG00000169021,2.856858850933462,3.5702643865147845,2.6725788904513226
UQCRH,ENSG00000173660,5.869590585398663,6.559817353730703,3.91221
UQCRQ,ENSG00000164405,4.82939489820999,6.204238471941055,3.91221
UROC1,ENSG00000159650,3.988820063650422,1.8825854954762156,1.6154208925030116
UROD,ENSG00000126088,2.4821406531363253,2.175472294389736,2.390640167067848
UROS,ENSG00000188690,2.257172602159919,1.9121918886977711,1.898862370208006
VCP,ENSG00000165280,2.8360054166368096,3.295967251001928,2.7799352533972703
XDH,ENSG00000158125,2.148276358694972,2.566571987269137,3.91221
XYLB,ENSG00000093217,3.670891849863098,1.6513660451556975,1.6682307388109516
